Magnitude,1 wk TI Prob,1 wk TD Prob,1 wk ETAS Prob,1 wk ETAS/TD Gain,1 wk ETAS Triggered Only,1 mo TI Prob,1 mo TD Prob,1 mo ETAS Prob,1 mo ETAS/TD Gain,1 mo ETAS Triggered Only,1 yr TI Prob,1 yr TD Prob,1 yr ETAS Prob,1 yr ETAS/TD Gain,1 yr ETAS Triggered Only,10 yr TI Prob,10 yr TD Prob,10 yr ETAS Prob,10 yr ETAS/TD Gain,10 yr ETAS Triggered Only
6.0,1.9621975E-5,2.2195753E-5,4.219531E-5,1.9010533,2.0E-5,8.4091465E-5,9.5121955E-5,1.451172E-4,1.525591,5.0E-5,0.0010233327,0.0011576307,0.0012475265,1.077655,9.0E-5,0.01018633,0.011529436,0.011697477,1.0145749,1.7E-4
6.1,1.9621975E-5,2.2195753E-5,4.219531E-5,1.9010533,2.0E-5,8.4091465E-5,9.5121955E-5,1.451172E-4,1.525591,5.0E-5,0.0010233327,0.0011576307,0.0012475265,1.077655,9.0E-5,0.01018633,0.011529436,0.011697477,1.0145749,1.7E-4
6.2,9.9971285E-6,1.1305779E-5,2.1305665E-5,1.8844935,1.0E-5,4.2844134E-5,4.845273E-5,7.8451274E-5,1.6191301,3.0E-5,5.2150246E-4,5.898048E-4,6.397753E-4,1.0847238,5.0E-5,0.0052028033,0.0058875447,0.005967074,1.013508,8.0E-5
6.3,9.589428E-6,1.08465165E-5,2.0846408E-5,1.921945,1.0E-5,4.10969E-5,4.648454E-5,7.648314E-5,1.6453459,3.0E-5,5.002399E-4,5.6585466E-4,6.1582634E-4,1.0883119,5.0E-5,0.0049911533,0.005649273,0.005728821,1.0140811,8.0E-5
6.4,9.589428E-6,1.08465165E-5,2.0846408E-5,1.921945,1.0E-5,4.10969E-5,4.648454E-5,7.648314E-5,1.6453459,3.0E-5,5.002399E-4,5.6585466E-4,6.1582634E-4,1.0883119,5.0E-5,0.0049911533,0.005649273,0.005728821,1.0140811,8.0E-5
6.5,5.557707E-6,6.3147295E-6,1.6314667E-5,2.583589,1.0E-5,2.3818526E-5,2.7062999E-5,4.7062458E-5,1.7389964,2.0E-5,2.8995197E-4,3.2946933E-4,3.5945946E-4,1.0910255,3.0E-5,0.0028957394,0.0032924693,0.0033423048,1.0151361,5.0E-5
6.6,4.8742945E-6,5.538863E-6,1.5538808E-5,2.8054147,1.0E-5,2.0889667E-5,2.3737919E-5,4.3737444E-5,1.8425138,2.0E-5,2.54302E-4,2.8899728E-4,3.189886E-4,1.1037772,3.0E-5,0.002540112,0.0028888073,0.002938663,1.0172582,5.0E-5
6.7,3.991108E-6,4.5369216E-6,1.4536876E-5,3.2041278,1.0E-5,1.7104636E-5,1.9443949E-5,2.9443754E-5,1.5142888,1.0E-5,2.0822904E-4,2.3673008E-4,2.5672533E-4,1.0844644,2.0E-5,0.0020803404,0.0023673007,0.0023972297,1.0126426,3.0E-5
