Magnitude,1 wk TI Prob,1 wk TD Prob,1 wk ETAS Prob,1 wk ETAS/TD Gain,1 wk ETAS Triggered Only,1 mo TI Prob,1 mo TD Prob,1 mo ETAS Prob,1 mo ETAS/TD Gain,1 mo ETAS Triggered Only,1 yr TI Prob,1 yr TD Prob,1 yr ETAS Prob,1 yr ETAS/TD Gain,1 yr ETAS Triggered Only,10 yr TI Prob,10 yr TD Prob,10 yr ETAS Prob,10 yr ETAS/TD Gain,10 yr ETAS Triggered Only
6.0,3.5090034E-5,4.057932E-5,5.0578918E-5,1.246421,1.0E-5,1.503772E-4,1.7390127E-4,2.0389604E-4,1.1724817,3.0E-5,0.0018293047,0.0021154517,0.0021853037,1.0330199,7.0E-5,0.018143194,0.02097934,0.021116402,1.0065333,1.4E-4
6.1,3.5090034E-5,4.057932E-5,5.0578918E-5,1.246421,1.0E-5,1.503772E-4,1.7390127E-4,2.0389604E-4,1.1724817,3.0E-5,0.0018293047,0.0021154517,0.0021853037,1.0330199,7.0E-5,0.018143194,0.02097934,0.021116402,1.0065333,1.4E-4
6.2,1.841879E-5,2.1166728E-5,3.1166517E-5,1.4724295,1.0E-5,7.8935285E-5,9.071198E-5,1.2070926E-4,1.330687,3.0E-5,9.606133E-4,0.0011039618,0.0011539067,1.0452415,5.0E-5,0.0095647145,0.010994966,0.011083976,1.0080956,9.0E-5
6.3,1.841879E-5,2.1166728E-5,3.1166517E-5,1.4724295,1.0E-5,7.8935285E-5,9.071198E-5,1.2070926E-4,1.330687,3.0E-5,9.606133E-4,0.0011039618,0.0011539067,1.0452415,5.0E-5,0.0095647145,0.010994966,0.011083976,1.0080956,9.0E-5
6.4,1.712201E-5,1.9664076E-5,2.966388E-5,1.5085316,1.0E-5,7.337798E-5,8.4272455E-5,1.1426993E-4,1.3559582,3.0E-5,8.930107E-4,0.0010256359,0.0010755846,1.0487002,5.0E-5,0.008894307,0.010219041,0.010308122,1.0087171,9.0E-5
6.5,1.4744935E-5,1.6921567E-5,2.6921398E-5,1.5909518,1.0E-5,6.3191044E-5,7.251952E-5,1.0251734E-4,1.4136517,3.0E-5,7.6907943E-4,8.8266196E-4,9.326178E-4,1.0565969,5.0E-5,0.007664232,0.008800851,0.008890059,1.0101362,9.0E-5
6.6,1.2017839E-5,1.3793094E-5,2.3792956E-5,1.7249905,1.0E-5,5.150401E-5,5.9112426E-5,8.9110654E-5,1.5074775,3.0E-5,6.268809E-4,7.1954564E-4,7.6950964E-4,1.0694383,5.0E-5,0.0062511545,0.0071809404,0.007260366,1.0110606,8.0E-5
6.7,1.00956095E-5,1.1591693E-5,2.1591577E-5,1.8626767,1.0E-5,4.326618E-5,4.967823E-5,6.967724E-5,1.4025708,2.0E-5,5.266384E-4,6.047525E-4,6.447283E-4,1.0661027,4.0E-5,0.005253921,0.006039682,0.0060993196,1.0098743,6.0E-5
