Magnitude,1 wk TI Prob,1 wk TD Prob,1 wk ETAS Prob,1 wk ETAS/TD Gain,1 wk ETAS Triggered Only,1 mo TI Prob,1 mo TD Prob,1 mo ETAS Prob,1 mo ETAS/TD Gain,1 mo ETAS Triggered Only,1 yr TI Prob,1 yr TD Prob,1 yr ETAS Prob,1 yr ETAS/TD Gain,1 yr ETAS Triggered Only,10 yr TI Prob,10 yr TD Prob,10 yr ETAS Prob,10 yr ETAS/TD Gain,10 yr ETAS Triggered Only
6.0,1.1578536E-5,1.0719707E-5,2.0719599E-5,1.9328513,1.0E-5,4.9621354E-5,4.594117E-5,5.5940713E-5,1.2176597,1.0E-5,6.039725E-4,5.5925763E-4,5.992353E-4,1.0714834,4.0E-5,0.006023336,0.005585113,0.005664666,1.0142438,8.0E-5
6.1,9.852767E-6,1.0719707E-5,2.0719599E-5,1.9328513,1.0E-5,4.222546E-5,4.594117E-5,5.5940713E-5,1.2176597,1.0E-5,5.139737E-4,5.5925763E-4,5.992353E-4,1.0714834,4.0E-5,0.005127866,0.005585113,0.005664666,1.0142438,8.0E-5
6.2,9.852767E-6,1.0719707E-5,2.0719599E-5,1.9328513,1.0E-5,4.222546E-5,4.594117E-5,5.5940713E-5,1.2176597,1.0E-5,5.139737E-4,5.5925763E-4,5.992353E-4,1.0714834,4.0E-5,0.005127866,0.005585113,0.005664666,1.0142438,8.0E-5
6.3,4.3167724E-6,4.723558E-6,4.723558E-6,1.0,0.0,1.8500323E-5,2.024379E-5,2.024379E-5,1.0,0.0,2.2521814E-4,2.464628E-4,2.5646033E-4,1.0405641,1.0E-5,0.0022499003,0.002464103,0.0024840536,1.0080966,2.0E-5
6.4,4.3167724E-6,4.723558E-6,4.723558E-6,1.0,0.0,1.8500323E-5,2.024379E-5,2.024379E-5,1.0,0.0,2.2521814E-4,2.464628E-4,2.5646033E-4,1.0405641,1.0E-5,0.0022499003,0.002464103,0.0024840536,1.0080966,2.0E-5
6.5,4.3167724E-6,4.723558E-6,4.723558E-6,1.0,0.0,1.8500323E-5,2.024379E-5,2.024379E-5,1.0,0.0,2.2521814E-4,2.464628E-4,2.5646033E-4,1.0405641,1.0E-5,0.0022499003,0.002464103,0.0024840536,1.0080966,2.0E-5
6.6,4.301311E-6,4.7066073E-6,4.7066073E-6,1.0,0.0,1.8434059E-5,2.0171146E-5,2.0171146E-5,1.0,0.0,2.2441156E-4,2.4557856E-4,2.555761E-4,1.0407102,1.0E-5,0.0022418506,0.00245528,0.002475231,1.0081257,2.0E-5
6.7,3.8599724E-6,4.223768E-6,4.223768E-6,1.0,0.0,1.6542634E-5,1.8101862E-5,1.8101862E-5,1.0,0.0,2.0138794E-4,2.2039018E-4,2.3038797E-4,1.045364,1.0E-5,0.0020120554,0.0022039018,0.0022138797,1.0045274,1.0E-5
