Magnitude,1 wk TI Prob,1 wk TD Prob,1 wk ETAS Prob,1 wk ETAS/TD Gain,1 wk ETAS Triggered Only,1 mo TI Prob,1 mo TD Prob,1 mo ETAS Prob,1 mo ETAS/TD Gain,1 mo ETAS Triggered Only,1 yr TI Prob,1 yr TD Prob,1 yr ETAS Prob,1 yr ETAS/TD Gain,1 yr ETAS Triggered Only,10 yr TI Prob,10 yr TD Prob,10 yr ETAS Prob,10 yr ETAS/TD Gain,10 yr ETAS Triggered Only
6.0,5.6540124E-5,3.5299403E-5,5.5298697E-5,1.5665618,2.0E-5,2.4229231E-4,1.5127727E-4,1.8127274E-4,1.1982813,3.0E-5,0.0029459186,0.001840732,0.0018706768,1.0162679,3.0E-5,0.029071707,0.018329872,0.018398589,1.0037489,7.0E-5
6.1,3.8306698E-5,3.5299403E-5,5.5298697E-5,1.5665618,2.0E-5,1.6416123E-4,1.5127727E-4,1.8127274E-4,1.1982813,3.0E-5,0.0019968306,0.001840732,0.0018706768,1.0162679,3.0E-5,0.019789828,0.018329872,0.018398589,1.0037489,7.0E-5
6.2,3.8306698E-5,3.5299403E-5,5.5298697E-5,1.5665618,2.0E-5,1.6416123E-4,1.5127727E-4,1.8127274E-4,1.1982813,3.0E-5,0.0019968306,0.001840732,0.0018706768,1.0162679,3.0E-5,0.019789828,0.018329872,0.018398589,1.0037489,7.0E-5
6.3,3.3197924E-5,3.1086638E-5,4.108633E-5,1.3216716,1.0E-5,1.4226905E-4,1.3322447E-4,1.532218E-4,1.1501026,2.0E-5,0.0017307495,0.0016212846,0.0016412522,1.0123159,2.0E-5,0.017173318,0.01616055,0.016209742,1.003044,5.0E-5
6.4,2.5148964E-5,2.3101331E-5,3.31011E-5,1.4328655,1.0E-5,1.0777682E-4,9.900452E-5,1.1900254E-4,1.201991,2.0E-5,0.0013113929,0.0012051709,0.0012251467,1.0165752,2.0E-5,0.01303681,0.012016488,0.012056008,1.0032887,4.0E-5
6.5,2.5148964E-5,2.3101331E-5,3.31011E-5,1.4328655,1.0E-5,1.0777682E-4,9.900452E-5,1.1900254E-4,1.201991,2.0E-5,0.0013113929,0.0012051709,0.0012251467,1.0165752,2.0E-5,0.01303681,0.012016488,0.012056008,1.0032887,4.0E-5
