Magnitude,1 wk TI Prob,1 wk TD Prob,1 wk ETAS Prob,1 wk ETAS/TD Gain,1 wk ETAS Triggered Only,1 mo TI Prob,1 mo TD Prob,1 mo ETAS Prob,1 mo ETAS/TD Gain,1 mo ETAS Triggered Only,1 yr TI Prob,1 yr TD Prob,1 yr ETAS Prob,1 yr ETAS/TD Gain,1 yr ETAS Triggered Only,10 yr TI Prob,10 yr TD Prob,10 yr ETAS Prob,10 yr ETAS/TD Gain,10 yr ETAS Triggered Only
6.0,3.5090034E-5,4.0572082E-5,4.0572082E-5,1.0,0.0,1.503772E-4,1.7387024E-4,1.7387024E-4,1.0,0.0,0.0018293047,0.0021150748,0.0021150748,1.0,0.0,0.018143194,0.020975633,0.020985423,1.0004667,1.0E-5
6.1,3.5090034E-5,4.0572082E-5,4.0572082E-5,1.0,0.0,1.503772E-4,1.7387024E-4,1.7387024E-4,1.0,0.0,0.0018293047,0.0021150748,0.0021150748,1.0,0.0,0.018143194,0.020975633,0.020985423,1.0004667,1.0E-5
6.2,1.841879E-5,2.116313E-5,2.116313E-5,1.0,0.0,7.8935285E-5,9.069656E-5,9.069656E-5,1.0,0.0,9.606133E-4,0.0011037742,0.0011037742,1.0,0.0,0.0095647145,0.010993104,0.010993104,1.0,0.0
6.3,1.841879E-5,2.116313E-5,2.116313E-5,1.0,0.0,7.8935285E-5,9.069656E-5,9.069656E-5,1.0,0.0,9.606133E-4,0.0011037742,0.0011037742,1.0,0.0,0.0095647145,0.010993104,0.010993104,1.0,0.0
6.4,1.712201E-5,1.9660747E-5,1.9660747E-5,1.0,0.0,7.337798E-5,8.42582E-5,8.42582E-5,1.0,0.0,8.930107E-4,0.0010254623,0.0010254623,1.0,0.0,0.008894307,0.010217319,0.010217319,1.0,0.0
6.5,1.4744935E-5,1.691872E-5,1.691872E-5,1.0,0.0,6.3191044E-5,7.250732E-5,7.250732E-5,1.0,0.0,7.6907943E-4,8.825135E-4,8.825135E-4,1.0,0.0,0.007664232,0.008799375,0.008799375,1.0,0.0
6.6,1.2017839E-5,1.3790772E-5,1.3790772E-5,1.0,0.0,5.150401E-5,5.9102473E-5,5.9102473E-5,1.0,0.0,6.268809E-4,7.194245E-4,7.194245E-4,1.0,0.0,0.0062511545,0.007179734,0.007179734,1.0,0.0
6.7,1.00956095E-5,1.1589735E-5,1.1589735E-5,1.0,0.0,4.326618E-5,4.966984E-5,4.966984E-5,1.0,0.0,5.266384E-4,6.0465035E-4,6.0465035E-4,1.0,0.0,0.005253921,0.0060386634,0.0060386634,1.0,0.0
