Magnitude,1 wk TI Prob,1 wk TD Prob,1 wk ETAS Prob,1 wk ETAS/TD Gain,1 wk ETAS Triggered Only,1 mo TI Prob,1 mo TD Prob,1 mo ETAS Prob,1 mo ETAS/TD Gain,1 mo ETAS Triggered Only,1 yr TI Prob,1 yr TD Prob,1 yr ETAS Prob,1 yr ETAS/TD Gain,1 yr ETAS Triggered Only,10 yr TI Prob,10 yr TD Prob,10 yr ETAS Prob,10 yr ETAS/TD Gain,10 yr ETAS Triggered Only
6.0,9.102099E-5,8.991524E-5,4.4988288E-4,5.003411,3.6E-4,3.9003167E-4,3.8529123E-4,9.450755E-4,2.452886,5.6E-4,0.0047383,0.004681511,0.005756455,1.2296147,0.00108,0.046385348,0.046065927,0.047697153,1.0354108,0.00171
6.1,3.8306698E-5,4.1682793E-5,2.1167571E-4,5.0782514,1.7E-4,1.6416123E-4,1.7863241E-4,4.7857882E-4,2.6791265,3.0E-4,0.0019968306,0.0021731358,0.0026620708,1.2249906,4.9E-4,0.019789828,0.021729626,0.022463327,1.0337651,7.5E-4
6.2,3.8306698E-5,4.1682793E-5,2.1167571E-4,5.0782514,1.7E-4,1.6416123E-4,1.7863241E-4,4.7857882E-4,2.6791265,3.0E-4,0.0019968306,0.0021731358,0.0026620708,1.2249906,4.9E-4,0.019789828,0.021729626,0.022463327,1.0337651,7.5E-4
6.3,3.3197924E-5,3.6697747E-5,1.7669261E-4,4.814808,1.4E-4,1.4226905E-4,1.5727058E-4,4.0723127E-4,2.5893672,2.5E-4,0.0017307495,0.0019136367,0.0023428139,1.2242731,4.3E-4,0.017173318,0.019169994,0.019797726,1.0327455,6.4E-4
6.4,2.5148964E-5,2.7527863E-5,1.67524E-4,6.085616,1.4E-4,1.0777682E-4,1.17974894E-4,3.5794658E-4,3.034091,2.4E-4,0.0013113929,0.0014360498,0.0017955329,1.2503277,3.6E-4,0.01303681,0.014426419,0.014938917,1.035525,5.2E-4
6.5,2.5148964E-5,2.7527863E-5,1.67524E-4,6.085616,1.4E-4,1.0777682E-4,1.17974894E-4,3.5794658E-4,3.034091,2.4E-4,0.0013113929,0.0014360498,0.0017955329,1.2503277,3.6E-4,0.01303681,0.014426419,0.014938917,1.035525,5.2E-4
