Magnitude,1 wk TI Prob,1 wk TD Prob,1 wk ETAS Prob,1 wk ETAS/TD Gain,1 wk ETAS Triggered Only,1 mo TI Prob,1 mo TD Prob,1 mo ETAS Prob,1 mo ETAS/TD Gain,1 mo ETAS Triggered Only,1 yr TI Prob,1 yr TD Prob,1 yr ETAS Prob,1 yr ETAS/TD Gain,1 yr ETAS Triggered Only,10 yr TI Prob,10 yr TD Prob,10 yr ETAS Prob,10 yr ETAS/TD Gain,10 yr ETAS Triggered Only
6.0,2.233523E-5,2.5133355E-5,3.5133104E-5,1.3978677,1.0E-5,9.571891E-5,1.0771088E-4,1.1770981E-4,1.0928311,1.0E-5,0.0011647546,0.0013107596,0.0013307334,1.0152383,2.0E-5,0.011586686,0.0130469175,0.013066657,1.0015129,2.0E-5
6.1,2.233523E-5,2.5133355E-5,3.5133104E-5,1.3978677,1.0E-5,9.571891E-5,1.0771088E-4,1.1770981E-4,1.0928311,1.0E-5,0.0011647546,0.0013107596,0.0013307334,1.0152383,2.0E-5,0.011586686,0.0130469175,0.013066657,1.0015129,2.0E-5
6.2,2.233523E-5,2.5133355E-5,3.5133104E-5,1.3978677,1.0E-5,9.571891E-5,1.0771088E-4,1.1770981E-4,1.0928311,1.0E-5,0.0011647546,0.0013107596,0.0013307334,1.0152383,2.0E-5,0.011586686,0.0130469175,0.013066657,1.0015129,2.0E-5
6.3,2.233523E-5,2.5133355E-5,3.5133104E-5,1.3978677,1.0E-5,9.571891E-5,1.0771088E-4,1.1770981E-4,1.0928311,1.0E-5,0.0011647546,0.0013107596,0.0013307334,1.0152383,2.0E-5,0.011586686,0.0130469175,0.013066657,1.0015129,2.0E-5
6.4,1.2288092E-5,1.3795497E-5,1.3795497E-5,1.0,0.0,5.2662188E-5,5.9122747E-5,5.9122747E-5,1.0,0.0,6.409735E-4,7.1967574E-4,7.2966854E-4,1.0138851,1.0E-5,0.006391279,0.0071826763,0.0071926047,1.0013822,1.0E-5
6.5,1.2288092E-5,1.3795497E-5,1.3795497E-5,1.0,0.0,5.2662188E-5,5.9122747E-5,5.9122747E-5,1.0,0.0,6.409735E-4,7.1967574E-4,7.2966854E-4,1.0138851,1.0E-5,0.006391279,0.0071826763,0.0071926047,1.0013822,1.0E-5
6.6,8.58281E-6,9.643907E-6,9.643907E-6,1.0,0.0,3.6782953E-5,4.1330848E-5,4.1330848E-5,1.0,0.0,4.4774043E-4,5.0317025E-4,5.131652E-4,1.019864,1.0E-5,0.0044683935,0.005028487,0.005038437,1.0019786,1.0E-5
6.7,7.205685E-6,8.096816E-6,8.096816E-6,1.0,0.0,3.088114E-5,3.470064E-5,3.470064E-5,1.0,0.0,3.7591302E-4,4.2248025E-4,4.3247605E-4,1.0236597,1.0E-5,0.0037527776,0.004224803,0.0042347605,1.002357,1.0E-5
