Magnitude,1 wk TI Prob,1 wk TD Prob,1 wk ETAS Prob,1 wk ETAS/TD Gain,1 wk ETAS Triggered Only,1 mo TI Prob,1 mo TD Prob,1 mo ETAS Prob,1 mo ETAS/TD Gain,1 mo ETAS Triggered Only,1 yr TI Prob,1 yr TD Prob,1 yr ETAS Prob,1 yr ETAS/TD Gain,1 yr ETAS Triggered Only,10 yr TI Prob,10 yr TD Prob,10 yr ETAS Prob,10 yr ETAS/TD Gain,10 yr ETAS Triggered Only
6.0,9.102099E-5,8.9852314E-5,9.0333854E-4,10.053593,8.1355934E-4,3.9003167E-4,3.8503093E-4,0.0016726706,4.3442497,0.0012881355,0.0047383,0.0046783253,0.0063653113,1.3605961,0.0016949152,0.046385348,0.04599531,0.047968,1.0428889,0.0020677967
6.1,3.8306698E-5,4.1652922E-5,3.8062184E-4,9.1379385,3.3898305E-4,1.6416123E-4,1.7850265E-4,6.360481E-4,3.5632415,4.5762712E-4,0.0019968306,0.0021715497,0.0027973065,1.2881614,6.271186E-4,0.019789828,0.021681696,0.022494197,1.037474,8.305085E-4
6.2,3.8306698E-5,4.1652922E-5,3.8062184E-4,9.1379385,3.3898305E-4,1.6416123E-4,1.7850265E-4,6.360481E-4,3.5632415,4.5762712E-4,0.0019968306,0.0021715497,0.0027973065,1.2881614,6.271186E-4,0.019789828,0.021681696,0.022494197,1.037474,8.305085E-4
6.3,3.3197924E-5,3.668649E-5,3.4176005E-4,9.315691,3.0508474E-4,1.4226905E-4,1.5722113E-4,5.6393683E-4,3.5869024,4.0677967E-4,0.0017307495,0.0019130316,0.0024882003,1.3006582,5.762712E-4,0.017173318,0.019131837,0.019846708,1.0373654,7.288136E-4
6.4,2.5148964E-5,2.7518634E-5,2.8174891E-4,10.238478,2.542373E-4,1.0777682E-4,1.1793534E-4,4.3993126E-4,3.730275,3.2203388E-4,0.0013113929,0.0014355684,0.0018586889,1.2947408,4.237288E-4,0.01303681,0.014421306,0.014972562,1.038225,5.59322E-4
6.5,2.5148964E-5,2.7518634E-5,2.8174891E-4,10.238478,2.542373E-4,1.0777682E-4,1.1793534E-4,4.3993126E-4,3.730275,3.2203388E-4,0.0013113929,0.0014355684,0.0018586889,1.2947408,4.237288E-4,0.01303681,0.014421306,0.014972562,1.038225,5.59322E-4
