Magnitude,1 wk TI Prob,1 wk TD Prob,1 wk ETAS Prob,1 wk ETAS/TD Gain,1 wk ETAS Triggered Only,1 mo TI Prob,1 mo TD Prob,1 mo ETAS Prob,1 mo ETAS/TD Gain,1 mo ETAS Triggered Only,1 yr TI Prob,1 yr TD Prob,1 yr ETAS Prob,1 yr ETAS/TD Gain,1 yr ETAS Triggered Only,10 yr TI Prob,10 yr TD Prob,10 yr ETAS Prob,10 yr ETAS/TD Gain,10 yr ETAS Triggered Only
6.0,2.1545662E-5,2.3205692E-5,2.3205692E-5,1.0,0.0,9.2335285E-5,9.944963E-5,9.944963E-5,1.0,0.0,0.0011236023,0.0012102068,0.0024049315,1.987207,0.0011961722,0.011179381,0.012044155,0.014998568,1.2452985,0.0029904307
6.1,2.1545662E-5,2.3205692E-5,2.3205692E-5,1.0,0.0,9.2335285E-5,9.944963E-5,9.944963E-5,1.0,0.0,0.0011236023,0.0012102068,0.0024049315,1.987207,0.0011961722,0.011179381,0.012044155,0.014998568,1.2452985,0.0029904307
6.2,2.1545662E-5,2.3205692E-5,2.3205692E-5,1.0,0.0,9.2335285E-5,9.944963E-5,9.944963E-5,1.0,0.0,0.0011236023,0.0012102068,0.0024049315,1.987207,0.0011961722,0.011179381,0.012044155,0.014998568,1.2452985,0.0029904307
6.3,1.0025529E-5,1.0751831E-5,1.0751831E-5,1.0,0.0,4.2965847E-5,4.6078538E-5,4.6078538E-5,1.0,0.0,5.229836E-4,5.6087505E-4,0.0011586257,2.0657465,5.980861E-4,0.005217545,0.0055959085,0.006785387,1.2125622,0.0011961722
6.4,1.0025529E-5,1.0751831E-5,1.0751831E-5,1.0,0.0,4.2965847E-5,4.6078538E-5,4.6078538E-5,1.0,0.0,5.229836E-4,5.6087505E-4,0.0011586257,2.0657465,5.980861E-4,0.005217545,0.0055959085,0.006785387,1.2125622,0.0011961722
6.5,6.9617327E-6,7.4599902E-6,7.4599902E-6,1.0,0.0,2.9835655E-5,3.1971045E-5,3.1971045E-5,1.0,0.0,3.6318856E-4,3.891866E-4,9.8704E-4,2.5361612,5.980861E-4,0.0036259557,0.0038859057,0.0050774296,1.3066272,0.0011961722
6.6,4.9919777E-6,5.3490935E-6,5.3490935E-6,1.0,0.0,2.1394015E-5,2.2924523E-5,2.2924523E-5,1.0,0.0,2.60441E-4,2.7907704E-4,8.7699626E-4,3.142488,5.980861E-4,0.0026013597,0.0027879248,0.0039807623,1.4278585,0.0011961722
6.7,3.6630722E-6,3.9263978E-6,3.9263978E-6,1.0,0.0,1.5698786E-5,1.6827344E-5,1.6827344E-5,1.0,0.0,1.9111596E-4,2.0485939E-4,2.0485939E-4,1.0,0.0,0.0019095168,0.002047269,0.002047269,1.0,0.0
6.8,2.5599613E-6,2.7461808E-6,2.7461808E-6,1.0,0.0,1.0971216E-5,1.1769321E-5,1.1769321E-5,1.0,0.0,1.3356637E-4,1.43287E-4,1.43287E-4,1.0,0.0,0.0013348613,0.0014324316,0.0014324316,1.0,0.0
6.9,1.7684905E-6,1.8977425E-6,1.8977425E-6,1.0,0.0,7.579223E-6,8.133183E-6,8.133183E-6,1.0,0.0,9.2273134E-5,9.90215E-5,9.90215E-5,1.0,0.0,9.223483E-4,9.90215E-4,9.90215E-4,1.0,0.0
