Magnitude,1 wk TI Prob,1 wk TD Prob,1 wk ETAS Prob,1 wk ETAS/TD Gain,1 wk ETAS Triggered Only,1 mo TI Prob,1 mo TD Prob,1 mo ETAS Prob,1 mo ETAS/TD Gain,1 mo ETAS Triggered Only,1 yr TI Prob,1 yr TD Prob,1 yr ETAS Prob,1 yr ETAS/TD Gain,1 yr ETAS Triggered Only,10 yr TI Prob,10 yr TD Prob,10 yr ETAS Prob,10 yr ETAS/TD Gain,10 yr ETAS Triggered Only
6.0,2.1545662E-5,2.3205695E-5,2.3205695E-5,1.0,0.0,9.2335285E-5,9.9449644E-5,9.9449644E-5,1.0,0.0,0.0011236023,0.001210207,0.0021614353,1.7860047,9.5238094E-4,0.011179381,0.012044157,0.015337343,1.273426,0.0033333334
6.1,2.1545662E-5,2.3205695E-5,2.3205695E-5,1.0,0.0,9.2335285E-5,9.9449644E-5,9.9449644E-5,1.0,0.0,0.0011236023,0.001210207,0.0021614353,1.7860047,9.5238094E-4,0.011179381,0.012044157,0.015337343,1.273426,0.0033333334
6.2,2.1545662E-5,2.3205695E-5,2.3205695E-5,1.0,0.0,9.2335285E-5,9.9449644E-5,9.9449644E-5,1.0,0.0,0.0011236023,0.001210207,0.0021614353,1.7860047,9.5238094E-4,0.011179381,0.012044157,0.015337343,1.273426,0.0033333334
6.3,1.0025529E-5,1.0751833E-5,1.0751833E-5,1.0,0.0,4.2965847E-5,4.6078545E-5,4.6078545E-5,1.0,0.0,5.229836E-4,5.608751E-4,0.0010367985,1.8485372,4.7619047E-4,0.005217545,0.0055959094,0.0070164865,1.25386,0.0014285714
6.4,1.0025529E-5,1.0751833E-5,1.0751833E-5,1.0,0.0,4.2965847E-5,4.6078545E-5,4.6078545E-5,1.0,0.0,5.229836E-4,5.608751E-4,0.0010367985,1.8485372,4.7619047E-4,0.005217545,0.0055959094,0.0070164865,1.25386,0.0014285714
6.5,6.9617327E-6,7.4599916E-6,7.4599916E-6,1.0,0.0,2.9835655E-5,3.197105E-5,3.197105E-5,1.0,0.0,3.6318856E-4,3.8918667E-4,8.651918E-4,2.2230766,4.7619047E-4,0.0036259557,0.0038859062,0.0048345863,1.2441336,9.5238094E-4
6.6,4.9919777E-6,5.3490944E-6,5.3490944E-6,1.0,0.0,2.1394015E-5,2.2924527E-5,2.2924527E-5,1.0,0.0,2.60441E-4,2.7907707E-4,7.551347E-4,2.7058284,4.7619047E-4,0.0026013597,0.0027879253,0.003737651,1.3406569,9.5238094E-4
6.7,3.6630722E-6,3.9263987E-6,3.9263987E-6,1.0,0.0,1.5698786E-5,1.6827345E-5,1.6827345E-5,1.0,0.0,1.9111596E-4,2.0485942E-4,2.0485942E-4,1.0,0.0,0.0019095168,0.0020472694,0.0020472694,1.0,0.0
6.8,2.5599613E-6,2.7461813E-6,2.7461813E-6,1.0,0.0,1.0971216E-5,1.1769323E-5,1.1769323E-5,1.0,0.0,1.3356637E-4,1.4328703E-4,1.4328703E-4,1.0,0.0,0.0013348613,0.0014324319,0.0014324319,1.0,0.0
6.9,1.7684905E-6,1.8977429E-6,1.8977429E-6,1.0,0.0,7.579223E-6,8.133184E-6,8.133184E-6,1.0,0.0,9.2273134E-5,9.902151E-5,9.902151E-5,1.0,0.0,9.223483E-4,9.902151E-4,9.902151E-4,1.0,0.0
