Magnitude,1 wk TI Prob,1 wk TD Prob,1 wk ETAS Prob,1 wk ETAS/TD Gain,1 wk ETAS Triggered Only,1 mo TI Prob,1 mo TD Prob,1 mo ETAS Prob,1 mo ETAS/TD Gain,1 mo ETAS Triggered Only,1 yr TI Prob,1 yr TD Prob,1 yr ETAS Prob,1 yr ETAS/TD Gain,1 yr ETAS Triggered Only,10 yr TI Prob,10 yr TD Prob,10 yr ETAS Prob,10 yr ETAS/TD Gain,10 yr ETAS Triggered Only
6.0,3.0708583E-5,3.3112166E-5,3.3112166E-5,1.0,0.0,1.3160157E-4,1.4190233E-4,1.4190233E-4,1.0,0.0,0.0016010714,0.0017264286,0.0017264286,1.0,0.0,0.015895851,0.017144019,0.018319683,1.0685759,0.0011961722
6.1,3.0708583E-5,3.3112166E-5,3.3112166E-5,1.0,0.0,1.3160157E-4,1.4190233E-4,1.4190233E-4,1.0,0.0,0.0016010714,0.0017264286,0.0017264286,1.0,0.0,0.015895851,0.017144019,0.018319683,1.0685759,0.0011961722
6.2,1.1707779E-5,1.2550807E-5,1.2550807E-5,1.0,0.0,5.017523E-5,5.3788117E-5,5.3788117E-5,1.0,0.0,6.107122E-4,6.5468316E-4,6.5468316E-4,1.0,0.0,0.006090366,0.006528517,0.0071226987,1.0910132,5.980861E-4
6.3,1.1707779E-5,1.2550807E-5,1.2550807E-5,1.0,0.0,5.017523E-5,5.3788117E-5,5.3788117E-5,1.0,0.0,6.107122E-4,6.5468316E-4,6.5468316E-4,1.0,0.0,0.006090366,0.006528517,0.0071226987,1.0910132,5.980861E-4
6.4,7.929244E-6,8.483829E-6,8.483829E-6,1.0,0.0,3.3982033E-5,3.6358782E-5,3.6358782E-5,1.0,0.0,4.136527E-4,4.4258233E-4,4.4258233E-4,1.0,0.0,0.0041288356,0.004417415,0.004417415,1.0,0.0
6.5,5.8832115E-6,6.288716E-6,6.288716E-6,1.0,0.0,2.521352E-5,2.6951377E-5,2.6951377E-5,1.0,0.0,3.0693135E-4,3.2808614E-4,3.2808614E-4,1.0,0.0,0.0030650778,0.0032762713,0.0032762713,1.0,0.0
6.6,5.8832115E-6,6.288716E-6,6.288716E-6,1.0,0.0,2.521352E-5,2.6951377E-5,2.6951377E-5,1.0,0.0,3.0693135E-4,3.2808614E-4,3.2808614E-4,1.0,0.0,0.0030650778,0.0032762713,0.0032762713,1.0,0.0
6.7,3.0715053E-6,3.2828864E-6,3.2828864E-6,1.0,0.0,1.3163528E-5,1.4069444E-5,1.4069444E-5,1.0,0.0,1.6025416E-4,1.7128319E-4,1.7128319E-4,1.0,0.0,0.0016013865,0.0017116263,0.0017116263,1.0,0.0
6.8,2.2722281E-6,2.4298129E-6,2.4298129E-6,1.0,0.0,9.738084E-6,1.0413448E-5,1.0413448E-5,1.0,0.0,1.1855473E-4,1.2677727E-4,1.2677727E-4,1.0,0.0,0.001184915,0.0012671397,0.0012671397,1.0,0.0
6.9,9.952399E-7,1.065824E-6,1.065824E-6,1.0,0.0,4.265307E-6,4.567812E-6,4.567812E-6,1.0,0.0,5.1928873E-5,5.561221E-5,5.561221E-5,1.0,0.0,5.191674E-4,5.5603357E-4,5.5603357E-4,1.0,0.0
7.0,4.7385504E-7,5.077845E-7,5.077845E-7,1.0,0.0,2.0308057E-6,2.1762194E-6,2.1762194E-6,1.0,0.0,2.4724779E-5,2.6495469E-5,2.6495469E-5,1.0,0.0,2.4722028E-4,2.649547E-4,2.649547E-4,1.0,0.0
