Magnitude,1 wk TI Prob,1 wk TD Prob,1 wk ETAS Prob,1 wk ETAS/TD Gain,1 wk ETAS Triggered Only,1 mo TI Prob,1 mo TD Prob,1 mo ETAS Prob,1 mo ETAS/TD Gain,1 mo ETAS Triggered Only,1 yr TI Prob,1 yr TD Prob,1 yr ETAS Prob,1 yr ETAS/TD Gain,1 yr ETAS Triggered Only,10 yr TI Prob,10 yr TD Prob,10 yr ETAS Prob,10 yr ETAS/TD Gain,10 yr ETAS Triggered Only
6.0,3.5090034E-5,4.040278E-5,4.040278E-5,1.0,0.0,1.503772E-4,1.7314474E-4,1.7314474E-4,1.0,0.0,0.0018293047,0.0021062568,0.0021062568,1.0,0.0,0.018143194,0.02088891,0.021474503,1.0280336,5.980861E-4
6.1,3.5090034E-5,4.040278E-5,4.040278E-5,1.0,0.0,1.503772E-4,1.7314474E-4,1.7314474E-4,1.0,0.0,0.0018293047,0.0021062568,0.0021062568,1.0,0.0,0.018143194,0.02088891,0.021474503,1.0280336,5.980861E-4
6.2,1.841879E-5,2.1078928E-5,2.1078928E-5,1.0,0.0,7.8935285E-5,9.0335714E-5,9.0335714E-5,1.0,0.0,9.606133E-4,0.0010993846,0.0010993846,1.0,0.0,0.0095647145,0.010949563,0.010949563,1.0,0.0
6.3,1.841879E-5,2.1078928E-5,2.1078928E-5,1.0,0.0,7.8935285E-5,9.0335714E-5,9.0335714E-5,1.0,0.0,9.606133E-4,0.0010993846,0.0010993846,1.0,0.0,0.0095647145,0.010949563,0.010949563,1.0,0.0
6.4,1.712201E-5,1.9582902E-5,1.9582902E-5,1.0,0.0,7.337798E-5,8.392459E-5,8.392459E-5,1.0,0.0,8.930107E-4,0.0010214037,0.0010214037,1.0,0.0,0.008894307,0.010177027,0.010177027,1.0,0.0
6.5,1.4744935E-5,1.685211E-5,1.685211E-5,1.0,0.0,6.3191044E-5,7.2221854E-5,7.2221854E-5,1.0,0.0,7.6907943E-4,8.7904005E-4,8.7904005E-4,1.0,0.0,0.007664232,0.0087648425,0.0087648425,1.0,0.0
6.6,1.2017839E-5,1.3736437E-5,1.3736437E-5,1.0,0.0,5.150401E-5,5.8869617E-5,5.8869617E-5,1.0,0.0,6.268809E-4,7.165906E-4,7.165906E-4,1.0,0.0,0.0062511545,0.0071515082,0.0071515082,1.0,0.0
6.7,1.00956095E-5,1.1543927E-5,1.1543927E-5,1.0,0.0,4.326618E-5,4.9473525E-5,4.9473525E-5,1.0,0.0,5.266384E-4,6.022608E-4,6.022608E-4,1.0,0.0,0.005253921,0.006014829,0.006014829,1.0,0.0
