Magnitude,1 wk TI Prob,1 wk TD Prob,1 wk ETAS Prob,1 wk ETAS/TD Gain,1 wk ETAS Triggered Only,1 mo TI Prob,1 mo TD Prob,1 mo ETAS Prob,1 mo ETAS/TD Gain,1 mo ETAS Triggered Only,1 yr TI Prob,1 yr TD Prob,1 yr ETAS Prob,1 yr ETAS/TD Gain,1 yr ETAS Triggered Only,10 yr TI Prob,10 yr TD Prob,10 yr ETAS Prob,10 yr ETAS/TD Gain,10 yr ETAS Triggered Only
6.0,3.5090034E-5,4.0402792E-5,4.0402792E-5,1.0,0.0,1.503772E-4,1.731448E-4,1.731448E-4,1.0,0.0,0.0018293047,0.0021062575,0.0021062575,1.0,0.0,0.018143194,0.020888915,0.02135516,1.0223202,4.7619047E-4
6.1,3.5090034E-5,4.0402792E-5,4.0402792E-5,1.0,0.0,1.503772E-4,1.731448E-4,1.731448E-4,1.0,0.0,0.0018293047,0.0021062575,0.0021062575,1.0,0.0,0.018143194,0.020888915,0.02135516,1.0223202,4.7619047E-4
6.2,1.841879E-5,2.1078935E-5,2.1078935E-5,1.0,0.0,7.8935285E-5,9.0335736E-5,9.0335736E-5,1.0,0.0,9.606133E-4,0.0010993849,0.0010993849,1.0,0.0,0.0095647145,0.010949566,0.010949566,1.0,0.0
6.3,1.841879E-5,2.1078935E-5,2.1078935E-5,1.0,0.0,7.8935285E-5,9.0335736E-5,9.0335736E-5,1.0,0.0,9.606133E-4,0.0010993849,0.0010993849,1.0,0.0,0.0095647145,0.010949566,0.010949566,1.0,0.0
6.4,1.712201E-5,1.9582909E-5,1.9582909E-5,1.0,0.0,7.337798E-5,8.392462E-5,8.392462E-5,1.0,0.0,8.930107E-4,0.001021404,0.001021404,1.0,0.0,0.008894307,0.010177031,0.010177031,1.0,0.0
6.5,1.4744935E-5,1.6852115E-5,1.6852115E-5,1.0,0.0,6.3191044E-5,7.2221876E-5,7.2221876E-5,1.0,0.0,7.6907943E-4,8.790403E-4,8.790403E-4,1.0,0.0,0.007664232,0.008764845,0.008764845,1.0,0.0
6.6,1.2017839E-5,1.3736441E-5,1.3736441E-5,1.0,0.0,5.150401E-5,5.8869635E-5,5.8869635E-5,1.0,0.0,6.268809E-4,7.1659085E-4,7.1659085E-4,1.0,0.0,0.0062511545,0.0071515106,0.0071515106,1.0,0.0
6.7,1.00956095E-5,1.154393E-5,1.154393E-5,1.0,0.0,4.326618E-5,4.947354E-5,4.947354E-5,1.0,0.0,5.266384E-4,6.02261E-4,6.02261E-4,1.0,0.0,0.005253921,0.006014831,0.006014831,1.0,0.0
