Magnitude,1 wk TI Prob,1 wk TD Prob,1 wk ETAS Prob,1 wk ETAS/TD Gain,1 wk ETAS Triggered Only,1 mo TI Prob,1 mo TD Prob,1 mo ETAS Prob,1 mo ETAS/TD Gain,1 mo ETAS Triggered Only,1 yr TI Prob,1 yr TD Prob,1 yr ETAS Prob,1 yr ETAS/TD Gain,1 yr ETAS Triggered Only,10 yr TI Prob,10 yr TD Prob,10 yr ETAS Prob,10 yr ETAS/TD Gain,10 yr ETAS Triggered Only
6.0,9.913453E-6,1.0194075E-5,1.0194075E-5,1.0,0.0,4.2485535E-5,4.368822E-5,4.368822E-5,1.0,0.0,5.1713863E-4,5.317846E-4,6.8170484E-4,1.2819191,1.5E-4,0.0051593683,0.0053061484,0.0061615855,1.1612161,8.6E-4
6.1,9.913453E-6,1.0194075E-5,1.0194075E-5,1.0,0.0,4.2485535E-5,4.368822E-5,4.368822E-5,1.0,0.0,5.1713863E-4,5.317846E-4,6.8170484E-4,1.2819191,1.5E-4,0.0051593683,0.0053061484,0.0061615855,1.1612161,8.6E-4
6.2,4.5596407E-6,4.6972073E-6,4.6972073E-6,1.0,0.0,1.954117E-5,2.013074E-5,2.013074E-5,1.0,0.0,2.3788778E-4,2.4506546E-4,3.2504587E-4,1.3263634,8.0E-5,0.0023763329,0.0024480782,0.0028171726,1.150769,3.7E-4
6.3,4.5596407E-6,4.6972073E-6,4.6972073E-6,1.0,0.0,1.954117E-5,2.013074E-5,2.013074E-5,1.0,0.0,2.3788778E-4,2.4506546E-4,3.2504587E-4,1.3263634,8.0E-5,0.0023763329,0.0024480782,0.0028171726,1.150769,3.7E-4
6.4,3.4025713E-6,3.5106007E-6,3.5106007E-6,1.0,0.0,1.4582367E-5,1.5045349E-5,1.5045349E-5,1.0,0.0,1.7752586E-4,1.8316257E-4,2.331534E-4,1.2729316,5.0E-5,0.001773841,0.001830199,0.002099705,1.147255,2.7E-4
6.5,2.8352947E-6,2.9284633E-6,2.9284633E-6,1.0,0.0,1.2151207E-5,1.2550501E-5,1.2550501E-5,1.0,0.0,1.479309E-4,1.5279239E-4,2.0278475E-4,1.3271915,5.0E-5,0.0014783246,0.0015269472,0.0017466113,1.1438583,2.2E-4
6.6,2.251518E-6,2.3295772E-6,2.3295772E-6,1.0,0.0,9.649328E-6,9.983868E-6,9.983868E-6,1.0,0.0,1.1747423E-4,1.2154744E-4,1.6154257E-4,1.3290496,4.0E-5,0.0011741214,0.0012148714,0.0013646891,1.1233199,1.5E-4
6.7,1.8911853E-6,1.9595868E-6,1.9595868E-6,1.0,0.0,8.105055E-6,8.398206E-6,8.398206E-6,1.0,0.0,9.867457E-5,1.0224395E-4,1.4223985E-4,1.3911812,4.0E-5,9.863076E-4,0.0010220265,0.0011618835,1.1368427,1.4E-4
6.8,1.4874814E-6,1.544202E-6,1.544202E-6,1.0,0.0,6.374905E-6,6.6179946E-6,6.6179946E-6,1.0,0.0,7.76117E-5,8.0571626E-5,1.205684E-4,1.4964128,4.0E-5,7.75846E-4,8.054752E-4,9.353705E-4,1.1612654,1.3E-4
6.9,6.835972E-7,7.141941E-7,7.141941E-7,1.0,0.0,2.9296991E-6,3.06083E-6,3.06083E-6,1.0,0.0,3.56685E-5,3.7265287E-5,7.7263794E-5,2.073345,4.0E-5,3.5662777E-4,3.7262167E-4,4.5259183E-4,1.214615,8.0E-5
