Magnitude,1 wk TI Prob,1 wk TD Prob,1 wk ETAS Prob,1 wk ETAS/TD Gain,1 wk ETAS Triggered Only,1 mo TI Prob,1 mo TD Prob,1 mo ETAS Prob,1 mo ETAS/TD Gain,1 mo ETAS Triggered Only,1 yr TI Prob,1 yr TD Prob,1 yr ETAS Prob,1 yr ETAS/TD Gain,1 yr ETAS Triggered Only,10 yr TI Prob,10 yr TD Prob,10 yr ETAS Prob,10 yr ETAS/TD Gain,10 yr ETAS Triggered Only
6.0,9.913453E-6,1.0194072E-5,1.0194072E-5,1.0,0.0,4.2485535E-5,4.3688207E-5,4.3688207E-5,1.0,0.0,5.1713863E-4,5.3178443E-4,5.3178443E-4,1.0,0.0,0.0051593683,0.005306147,0.00590106,1.1121176,5.980861E-4
6.1,9.913453E-6,1.0194072E-5,1.0194072E-5,1.0,0.0,4.2485535E-5,4.3688207E-5,4.3688207E-5,1.0,0.0,5.1713863E-4,5.3178443E-4,5.3178443E-4,1.0,0.0,0.0051593683,0.005306147,0.00590106,1.1121176,5.980861E-4
6.2,4.5596407E-6,4.697206E-6,4.697206E-6,1.0,0.0,1.954117E-5,2.0130734E-5,2.0130734E-5,1.0,0.0,2.3788778E-4,2.450654E-4,2.450654E-4,1.0,0.0,0.0023763329,0.0024480775,0.0030446996,1.2437104,5.980861E-4
6.3,4.5596407E-6,4.697206E-6,4.697206E-6,1.0,0.0,1.954117E-5,2.0130734E-5,2.0130734E-5,1.0,0.0,2.3788778E-4,2.450654E-4,2.450654E-4,1.0,0.0,0.0023763329,0.0024480775,0.0030446996,1.2437104,5.980861E-4
6.4,3.4025713E-6,3.5105995E-6,3.5105995E-6,1.0,0.0,1.4582367E-5,1.5045345E-5,1.5045345E-5,1.0,0.0,1.7752586E-4,1.8316251E-4,1.8316251E-4,1.0,0.0,0.001773841,0.0018301985,0.00242719,1.3261895,5.980861E-4
6.5,2.8352947E-6,2.9284624E-6,2.9284624E-6,1.0,0.0,1.2151207E-5,1.2550498E-5,1.2550498E-5,1.0,0.0,1.479309E-4,1.5279235E-4,1.5279235E-4,1.0,0.0,0.0014783246,0.0015269468,0.0021241198,1.3910896,5.980861E-4
6.6,2.251518E-6,2.3295765E-6,2.3295765E-6,1.0,0.0,9.649328E-6,9.983864E-6,9.983864E-6,1.0,0.0,1.1747423E-4,1.21547404E-4,1.21547404E-4,1.0,0.0,0.0011741214,0.001214871,0.001214871,1.0,0.0
6.7,1.8911853E-6,1.9595861E-6,1.9595861E-6,1.0,0.0,8.105055E-6,8.398203E-6,8.398203E-6,1.0,0.0,9.867457E-5,1.0224391E-4,1.0224391E-4,1.0,0.0,9.863076E-4,0.0010220262,0.0010220262,1.0,0.0
6.8,1.4874814E-6,1.5442014E-6,1.5442014E-6,1.0,0.0,6.374905E-6,6.6179923E-6,6.6179923E-6,1.0,0.0,7.76117E-5,8.05716E-5,8.05716E-5,1.0,0.0,7.75846E-4,8.0547493E-4,8.0547493E-4,1.0,0.0
6.9,6.835972E-7,7.141938E-7,7.141938E-7,1.0,0.0,2.9296991E-6,3.0608287E-6,3.0608287E-6,1.0,0.0,3.56685E-5,3.7265272E-5,3.7265272E-5,1.0,0.0,3.5662777E-4,3.726215E-4,3.726215E-4,1.0,0.0
