Magnitude,1 wk TI Prob,1 wk TD Prob,1 wk ETAS Prob,1 wk ETAS/TD Gain,1 wk ETAS Triggered Only,1 mo TI Prob,1 mo TD Prob,1 mo ETAS Prob,1 mo ETAS/TD Gain,1 mo ETAS Triggered Only,1 yr TI Prob,1 yr TD Prob,1 yr ETAS Prob,1 yr ETAS/TD Gain,1 yr ETAS Triggered Only,10 yr TI Prob,10 yr TD Prob,10 yr ETAS Prob,10 yr ETAS/TD Gain,10 yr ETAS Triggered Only
6.0,5.1235038E-5,5.771906E-5,5.771906E-5,1.0,0.0,2.1956026E-4,2.473478E-4,2.5734532E-4,1.0404189,1.0E-5,0.0026698692,0.003007901,0.003017871,1.0033146,1.0E-5,0.026380196,0.02973034,0.029740043,1.0003264,1.0E-5
6.1,4.4387216E-5,5.771906E-5,5.771906E-5,1.0,0.0,1.9021705E-4,2.473478E-4,2.5734532E-4,1.0404189,1.0E-5,0.0023134327,0.003007901,0.003017871,1.0033146,1.0E-5,0.022894967,0.02973034,0.029740043,1.0003264,1.0E-5
6.2,4.4387216E-5,5.771906E-5,5.771906E-5,1.0,0.0,1.9021705E-4,2.473478E-4,2.5734532E-4,1.0404189,1.0E-5,0.0023134327,0.003007901,0.003017871,1.0033146,1.0E-5,0.022894967,0.02973034,0.029740043,1.0003264,1.0E-5
6.3,2.9523822E-5,3.8307622E-5,3.8307622E-5,1.0,0.0,1.2652454E-4,1.6416787E-4,1.6416787E-4,1.0,0.0,0.0015393476,0.001997332,0.001997332,1.0,0.0,0.015287281,0.019833932,0.019833932,1.0,0.0
6.4,2.0512744E-5,2.6561647E-5,2.6561647E-5,1.0,0.0,8.79088E-5,1.13832866E-4,1.13832866E-4,1.0,0.0,0.001069764,0.001385395,0.001385395,1.0,0.0,0.010646289,0.013801638,0.013801638,1.0,0.0
6.5,1.6750226E-5,2.1642349E-5,2.1642349E-5,1.0,0.0,7.178471E-5,9.27518E-5,9.27518E-5,1.0,0.0,8.7362836E-4,0.001129024,0.001129024,1.0,0.0,0.008702018,0.011266585,0.011266585,1.0,0.0
6.6,1.4745303E-5,1.9038704E-5,1.9038704E-5,1.0,0.0,6.319262E-5,8.1594044E-5,8.1594044E-5,1.0,0.0,7.690986E-4,9.93312E-4,9.93312E-4,1.0,0.0,0.0076644225,0.009922587,0.009922587,1.0,0.0
6.7,9.951145E-7,1.1483206E-6,1.1483206E-6,1.0,0.0,4.26477E-6,4.921366E-6,4.921366E-6,1.0,0.0,5.1922336E-5,5.991615E-5,5.991615E-5,1.0,0.0,5.1910203E-4,5.9901684E-4,5.9901684E-4,1.0,0.0
6.8,5.866312E-7,6.773974E-7,6.773974E-7,1.0,0.0,2.5141312E-6,2.9031291E-6,2.9031291E-6,1.0,0.0,3.0609117E-5,3.5345154E-5,3.5345154E-5,1.0,0.0,3.06049E-4,3.5340787E-4,3.5340787E-4,1.0,0.0
