Magnitude,1 wk TI Prob,1 wk TD Prob,1 wk ETAS Prob,1 wk ETAS/TD Gain,1 wk ETAS Triggered Only,1 mo TI Prob,1 mo TD Prob,1 mo ETAS Prob,1 mo ETAS/TD Gain,1 mo ETAS Triggered Only,1 yr TI Prob,1 yr TD Prob,1 yr ETAS Prob,1 yr ETAS/TD Gain,1 yr ETAS Triggered Only,10 yr TI Prob,10 yr TD Prob,10 yr ETAS Prob,10 yr ETAS/TD Gain,10 yr ETAS Triggered Only
6.0,2.2591947E-5,2.504563E-5,2.504563E-5,1.0,0.0,9.6819036E-5,1.0733445E-4,1.1733337E-4,1.0931567,1.0E-5,0.0011781343,0.0013060917,0.0013260655,1.0152929,2.0E-5,0.011719079,0.012992009,0.013011749,1.0015194,2.0E-5
6.1,2.2591947E-5,2.504563E-5,2.504563E-5,1.0,0.0,9.6819036E-5,1.0733445E-4,1.1733337E-4,1.0931567,1.0E-5,0.0011781343,0.0013060917,0.0013260655,1.0152929,2.0E-5,0.011719079,0.012992009,0.013011749,1.0015194,2.0E-5
6.2,1.3775145E-5,1.5243153E-5,1.5243153E-5,1.0,0.0,5.9035E-5,6.53263E-5,6.53263E-5,1.0,0.0,7.185141E-4,7.950815E-4,8.0507353E-4,1.0125673,1.0E-5,0.0071619535,0.00792477,0.00793469,1.0012518,1.0E-5
6.3,9.705435E-6,1.0710026E-5,1.0710026E-5,1.0,0.0,4.1594063E-5,4.5899375E-5,4.5899375E-5,1.0,0.0,5.0629E-4,5.586939E-4,5.686883E-4,1.0178889,1.0E-5,0.005051381,0.0055741165,0.0055840607,1.001784,1.0E-5
6.4,7.2549733E-6,7.978391E-6,7.978391E-6,1.0,0.0,3.109237E-5,3.41927E-5,3.41927E-5,1.0,0.0,3.7848388E-4,4.1622456E-4,4.262204E-4,1.0240155,1.0E-5,0.003778399,0.004155232,0.0041651903,1.0023966,1.0E-5
6.5,5.983293E-6,6.5714094E-6,6.5714094E-6,1.0,0.0,2.5642432E-5,2.8162916E-5,2.8162916E-5,1.0,0.0,3.1215188E-4,3.4283625E-4,3.5283284E-4,1.0291585,1.0E-5,0.0031171376,0.0034237322,0.003433698,1.0029107,1.0E-5
6.6,4.0336154E-6,4.42904E-6,4.42904E-6,1.0,0.0,1.728681E-5,1.8981485E-5,1.8981485E-5,1.0,0.0,2.1044657E-4,2.310791E-4,2.310791E-4,1.0,0.0,0.002102474,0.0023087836,0.0023087836,1.0,0.0
6.7,1.5832104E-6,1.7663414E-6,1.7663414E-6,1.0,0.0,6.7851697E-6,7.5700136E-6,7.5700136E-6,1.0,0.0,8.260631E-5,9.216129E-5,9.216129E-5,1.0,0.0,8.2575605E-4,9.212569E-4,9.212569E-4,1.0,0.0
6.8,7.5177275E-7,8.5085577E-7,8.5085577E-7,1.0,0.0,3.221879E-6,3.6465206E-6,3.6465206E-6,1.0,0.0,3.9225673E-5,4.439565E-5,4.439565E-5,1.0,0.0,3.921875E-4,4.4388406E-4,4.4388406E-4,1.0,0.0
