Magnitude,1 wk TI Prob,1 wk TD Prob,1 wk ETAS Prob,1 wk ETAS/TD Gain,1 wk ETAS Triggered Only,1 mo TI Prob,1 mo TD Prob,1 mo ETAS Prob,1 mo ETAS/TD Gain,1 mo ETAS Triggered Only,1 yr TI Prob,1 yr TD Prob,1 yr ETAS Prob,1 yr ETAS/TD Gain,1 yr ETAS Triggered Only,10 yr TI Prob,10 yr TD Prob,10 yr ETAS Prob,10 yr ETAS/TD Gain,10 yr ETAS Triggered Only
6.0,8.791276E-6,9.238528E-6,9.238528E-6,1.0,0.0,3.767635E-5,3.9593153E-5,3.9593153E-5,1.0,0.0,4.58613E-4,4.819508E-4,4.9194595E-4,1.020739,1.0E-5,0.004576677,0.004810123,0.004820075,1.002069,1.0E-5
6.1,8.791276E-6,9.238528E-6,9.238528E-6,1.0,0.0,3.767635E-5,3.9593153E-5,3.9593153E-5,1.0,0.0,4.58613E-4,4.819508E-4,4.9194595E-4,1.020739,1.0E-5,0.004576677,0.004810123,0.004820075,1.002069,1.0E-5
6.2,5.654515E-6,5.9829786E-6,5.9829786E-6,1.0,0.0,2.4233412E-5,2.5641113E-5,2.5641113E-5,1.0,0.0,2.9500184E-4,3.1214082E-4,3.221377E-4,1.0320268,1.0E-5,0.0029461053,0.0031175157,0.0031274846,1.0031977,1.0E-5
6.3,4.591685E-6,4.8816896E-6,4.8816896E-6,1.0,0.0,1.96785E-5,2.0921383E-5,2.0921383E-5,1.0,0.0,2.395594E-4,2.5469242E-4,2.6468985E-4,1.039253,1.0E-5,0.002393013,0.0025444326,0.0025544073,1.0039202,1.0E-5
6.4,4.243283E-6,4.5103684E-6,4.5103684E-6,1.0,0.0,1.8185372E-5,1.933003E-5,1.933003E-5,1.0,0.0,2.2138441E-4,2.353219E-4,2.4531956E-4,1.042485,1.0E-5,0.00221164,0.0023511404,0.002361117,1.0042433,1.0E-5
6.5,3.4445666E-6,3.6759777E-6,3.6759777E-6,1.0,0.0,1.4762345E-5,1.5754118E-5,1.5754118E-5,1.0,0.0,1.7971672E-4,1.917935E-4,2.0179158E-4,1.0521294,1.0E-5,0.0017957145,0.0019166723,0.0019266532,1.0052074,1.0E-5
6.6,2.68766E-6,2.8712952E-6,2.8712952E-6,1.0,0.0,1.1518492E-5,1.2305514E-5,1.2305514E-5,1.0,0.0,1.4022861E-4,1.4981313E-4,1.4981313E-4,1.0,0.0,0.0014014016,0.0014974931,0.0014974931,1.0,0.0
6.7,5.880964E-7,6.1802143E-7,6.1802143E-7,1.0,0.0,2.5204106E-6,2.6486612E-6,2.6486612E-6,1.0,0.0,3.0685565E-5,3.2247066E-5,3.2247066E-5,1.0,0.0,3.068133E-4,3.224332E-4,3.224332E-4,1.0,0.0
6.8,1.6514163E-7,1.7345849E-7,1.7345849E-7,1.0,0.0,7.077497E-7,7.4339357E-7,7.4339357E-7,1.0,0.0,8.616818E-6,9.0508165E-6,9.0508165E-6,1.0,0.0,8.616484E-5,9.050816E-5,9.050816E-5,1.0,0.0
