Magnitude,1 wk TI Prob,1 wk TD Prob,1 wk ETAS Prob,1 wk ETAS/TD Gain,1 wk ETAS Triggered Only,1 mo TI Prob,1 mo TD Prob,1 mo ETAS Prob,1 mo ETAS/TD Gain,1 mo ETAS Triggered Only,1 yr TI Prob,1 yr TD Prob,1 yr ETAS Prob,1 yr ETAS/TD Gain,1 yr ETAS Triggered Only,10 yr TI Prob,10 yr TD Prob,10 yr ETAS Prob,10 yr ETAS/TD Gain,10 yr ETAS Triggered Only
6.0,2.1545662E-5,2.3204955E-5,4.320449E-5,1.8618649,2.0E-5,9.2335285E-5,9.944647E-5,1.7943852E-4,1.8043729,8.0E-5,0.0011236023,0.0012101684,0.0025485468,2.105944,0.00134,0.011179381,0.012043774,0.015936323,1.3232,0.00394
6.1,2.1545662E-5,2.3204955E-5,4.320449E-5,1.8618649,2.0E-5,9.2335285E-5,9.944647E-5,1.7943852E-4,1.8043729,8.0E-5,0.0011236023,0.0012101684,0.0025485468,2.105944,0.00134,0.011179381,0.012043774,0.015936323,1.3232,0.00394
6.2,2.1545662E-5,2.3204955E-5,4.320449E-5,1.8618649,2.0E-5,9.2335285E-5,9.944647E-5,1.7943852E-4,1.8043729,8.0E-5,0.0011236023,0.0012101684,0.0025485468,2.105944,0.00134,0.011179381,0.012043774,0.015936323,1.3232,0.00394
6.3,1.0025529E-5,1.0751511E-5,1.0751511E-5,1.0,0.0,4.2965847E-5,4.6077163E-5,7.607578E-5,1.6510518,3.0E-5,5.229836E-4,5.608583E-4,0.0010705723,1.9088106,5.1E-4,0.005217545,0.005595742,0.007007796,1.2523444,0.00142
6.4,1.0025529E-5,1.0751511E-5,1.0751511E-5,1.0,0.0,4.2965847E-5,4.6077163E-5,7.607578E-5,1.6510518,3.0E-5,5.229836E-4,5.608583E-4,0.0010705723,1.9088106,5.1E-4,0.005217545,0.005595742,0.007007796,1.2523444,0.00142
6.5,6.9617327E-6,7.4597706E-6,7.4597706E-6,1.0,0.0,2.9835655E-5,3.1970103E-5,4.1969783E-5,1.3127823,1.0E-5,3.6318856E-4,3.8917514E-4,7.290428E-4,1.8733026,3.4E-4,0.0036259557,0.0038857912,0.0047922553,1.2332765,9.1E-4
6.6,4.9919777E-6,5.348936E-6,5.348936E-6,1.0,0.0,2.1394015E-5,2.2923849E-5,3.2923617E-5,1.436217,1.0E-5,2.60441E-4,2.790688E-4,5.3899625E-4,1.9314098,2.6E-4,0.0026013597,0.0027878429,0.0035058355,1.2575442,7.2E-4
6.7,3.6630722E-6,3.926282E-6,3.926282E-6,1.0,0.0,1.5698786E-5,1.6826845E-5,1.6826845E-5,1.0,0.0,1.9111596E-4,2.0485332E-4,3.748185E-4,1.829692,1.7E-4,0.0019095168,0.0020472084,0.0024962872,1.2193615,4.5E-4
6.8,2.5599613E-6,2.7460985E-6,2.7460985E-6,1.0,0.0,1.0971216E-5,1.1768969E-5,1.1768969E-5,1.0,0.0,1.3356637E-4,1.4328271E-4,2.4326838E-4,1.6978209,1.0E-4,0.0013348613,0.0014323888,0.0017219733,1.2021691,2.9E-4
6.9,1.7684905E-6,1.8976854E-6,1.8976854E-6,1.0,0.0,7.579223E-6,8.132937E-6,8.132937E-6,1.0,0.0,9.2273134E-5,9.9018514E-5,1.5901258E-4,1.6058873,6.0E-5,9.223483E-4,9.901852E-4,0.0012099673,1.2219607,2.2E-4
