Magnitude,1 wk TI Prob,1 wk TD Prob,1 wk ETAS Prob,1 wk ETAS/TD Gain,1 wk ETAS Triggered Only,1 mo TI Prob,1 mo TD Prob,1 mo ETAS Prob,1 mo ETAS/TD Gain,1 mo ETAS Triggered Only,1 yr TI Prob,1 yr TD Prob,1 yr ETAS Prob,1 yr ETAS/TD Gain,1 yr ETAS Triggered Only,10 yr TI Prob,10 yr TD Prob,10 yr ETAS Prob,10 yr ETAS/TD Gain,10 yr ETAS Triggered Only
6.0,1.9621975E-5,2.2113585E-5,2.2113585E-5,1.0,0.0,8.4091465E-5,9.476983E-5,1.2476699E-4,1.3165264,3.0E-5,0.0010233327,0.0011533471,0.0012931856,1.1212459,1.4E-4,0.01018633,0.011486945,0.01190212,1.0361433,4.2E-4
6.1,1.9621975E-5,2.2113585E-5,2.2113585E-5,1.0,0.0,8.4091465E-5,9.476983E-5,1.2476699E-4,1.3165264,3.0E-5,0.0010233327,0.0011533471,0.0012931856,1.1212459,1.4E-4,0.01018633,0.011486945,0.01190212,1.0361433,4.2E-4
6.2,9.9971285E-6,1.1264027E-5,1.1264027E-5,1.0,0.0,4.2844134E-5,4.8273803E-5,6.8272835E-5,1.4142834,2.0E-5,5.2150246E-4,5.876272E-4,6.6758017E-4,1.1360607,8.0E-5,0.0052028033,0.005865846,0.0060845558,1.0372852,2.2E-4
6.3,9.589428E-6,1.0806405E-5,1.0806405E-5,1.0,0.0,4.10969E-5,4.6312634E-5,6.631171E-5,1.4318277,2.0E-5,5.002399E-4,5.637624E-4,6.437173E-4,1.1418238,8.0E-5,0.0049911533,0.005628419,0.0058372375,1.0371007,2.1E-4
6.4,9.589428E-6,1.0806405E-5,1.0806405E-5,1.0,0.0,4.10969E-5,4.6312634E-5,6.631171E-5,1.4318277,2.0E-5,5.002399E-4,5.637624E-4,6.437173E-4,1.1418238,8.0E-5,0.0049911533,0.005628419,0.0058372375,1.0371007,2.1E-4
6.5,5.557707E-6,6.2904737E-6,6.2904737E-6,1.0,0.0,2.3818526E-5,2.6959047E-5,4.6958507E-5,1.741846,2.0E-5,2.8995197E-4,3.2820387E-4,3.8818418E-4,1.1827532,6.0E-5,0.0028957394,0.003279832,0.0034393072,1.048623,1.6E-4
6.6,4.8742945E-6,5.5175674E-6,5.5175674E-6,1.0,0.0,2.0889667E-5,2.3646651E-5,4.3646178E-5,1.8457657,2.0E-5,2.54302E-4,2.8788619E-4,3.3787178E-4,1.1736298,5.0E-5,0.002540112,0.0028777053,0.0030173024,1.0485098,1.4E-4
6.7,3.991108E-6,4.5194247E-6,4.5194247E-6,1.0,0.0,1.7104636E-5,1.9368963E-5,2.936877E-5,1.5162799,1.0E-5,2.0822904E-4,2.3581713E-4,2.6581006E-4,1.1271873,3.0E-5,0.0020803404,0.0023581712,0.0024778883,1.050767,1.2E-4
