Magnitude,1 wk TI Prob,1 wk TD Prob,1 wk ETAS Prob,1 wk ETAS/TD Gain,1 wk ETAS Triggered Only,1 mo TI Prob,1 mo TD Prob,1 mo ETAS Prob,1 mo ETAS/TD Gain,1 mo ETAS Triggered Only,1 yr TI Prob,1 yr TD Prob,1 yr ETAS Prob,1 yr ETAS/TD Gain,1 yr ETAS Triggered Only,10 yr TI Prob,10 yr TD Prob,10 yr ETAS Prob,10 yr ETAS/TD Gain,10 yr ETAS Triggered Only
6.0,1.9892565E-5,2.1871521E-5,2.1871521E-5,1.0,0.0,8.525106E-5,9.373224E-5,9.373224E-5,1.0,0.0,0.0010374374,0.0011406837,0.0011506722,1.0087566,1.0E-5,0.010326075,0.011357312,0.011436404,1.006964,8.0E-5
6.1,1.9892565E-5,2.1871521E-5,2.1871521E-5,1.0,0.0,8.525106E-5,9.373224E-5,9.373224E-5,1.0,0.0,0.0010374374,0.0011406837,0.0011506722,1.0087566,1.0E-5,0.010326075,0.011357312,0.011436404,1.006964,8.0E-5
6.2,1.9892565E-5,2.1871521E-5,2.1871521E-5,1.0,0.0,8.525106E-5,9.373224E-5,9.373224E-5,1.0,0.0,0.0010374374,0.0011406837,0.0011506722,1.0087566,1.0E-5,0.010326075,0.011357312,0.011436404,1.006964,8.0E-5
6.3,1.1117327E-5,1.2183453E-5,1.2183453E-5,1.0,0.0,4.764482E-5,5.221393E-5,5.221393E-5,1.0,0.0,5.7992124E-4,6.355507E-4,6.355507E-4,1.0,0.0,0.0057841022,0.006340441,0.0063503776,1.0015671,1.0E-5
6.4,1.1117327E-5,1.2183453E-5,1.2183453E-5,1.0,0.0,4.764482E-5,5.221393E-5,5.221393E-5,1.0,0.0,5.7992124E-4,6.355507E-4,6.355507E-4,1.0,0.0,0.0057841022,0.006340441,0.0063503776,1.0015671,1.0E-5
6.5,6.103093E-6,6.6757043E-6,6.6757043E-6,1.0,0.0,2.615585E-5,2.8609918E-5,2.8609918E-5,1.0,0.0,3.1840094E-4,3.4828266E-4,3.4828266E-4,1.0,0.0,0.0031794512,0.0034786034,0.0034786034,1.0,0.0
6.6,5.817237E-6,6.369212E-6,6.369212E-6,1.0,0.0,2.4930776E-5,2.7296408E-5,2.7296408E-5,1.0,0.0,3.034899E-4,3.3229555E-4,3.3229555E-4,1.0,0.0,0.0030307577,0.0033192101,0.0033192101,1.0,0.0
6.7,4.8846314E-6,5.34352E-6,5.34352E-6,1.0,0.0,2.0933967E-5,2.2900665E-5,2.2900665E-5,1.0,0.0,2.5484123E-4,2.7879173E-4,2.7879173E-4,1.0,0.0,0.0025454918,0.0027855765,0.0027855765,1.0,0.0
6.8,1.7788773E-6,1.9409479E-6,1.9409479E-6,1.0,0.0,7.6237375E-6,8.31833E-6,8.31833E-6,1.0,0.0,9.281505E-5,1.0127254E-4,1.0127254E-4,1.0,0.0,9.2776294E-4,0.0010124187,0.0010124187,1.0,0.0
6.9,7.5455404E-7,8.3019825E-7,8.3019825E-7,1.0,0.0,3.233799E-6,3.5579897E-6,3.5579897E-6,1.0,0.0,3.937079E-5,4.3318E-5,4.3318E-5,1.0,0.0,3.9363815E-4,4.3312853E-4,4.3312853E-4,1.0,0.0
7.0,6.8578805E-7,7.546267E-7,7.546267E-7,1.0,0.0,2.9390883E-6,3.2341122E-6,3.2341122E-6,1.0,0.0,3.578281E-5,3.9374936E-5,3.9374936E-5,1.0,0.0,3.577705E-4,3.937121E-4,3.937121E-4,1.0,0.0
