Magnitude,1 wk TI Prob,1 wk TD Prob,1 wk ETAS Prob,1 wk ETAS/TD Gain,1 wk ETAS Triggered Only,1 mo TI Prob,1 mo TD Prob,1 mo ETAS Prob,1 mo ETAS/TD Gain,1 mo ETAS Triggered Only,1 yr TI Prob,1 yr TD Prob,1 yr ETAS Prob,1 yr ETAS/TD Gain,1 yr ETAS Triggered Only,10 yr TI Prob,10 yr TD Prob,10 yr ETAS Prob,10 yr ETAS/TD Gain,10 yr ETAS Triggered Only
6.0,1.0522846E-5,1.1043855E-5,1.1043855E-5,1.0,0.0,4.509713E-5,4.7330246E-5,4.7330246E-5,1.0,0.0,5.4891926E-4,5.7614606E-4,5.7614606E-4,1.0,0.0,0.0054756533,0.005751692,0.005761635,1.0017287,1.0E-5
6.1,1.0522846E-5,1.1043855E-5,1.1043855E-5,1.0,0.0,4.509713E-5,4.7330246E-5,4.7330246E-5,1.0,0.0,5.4891926E-4,5.7614606E-4,5.7614606E-4,1.0,0.0,0.0054756533,0.005751692,0.005761635,1.0017287,1.0E-5
6.2,2.1045846E-6,2.2088457E-6,2.2088457E-6,1.0,0.0,9.019617E-6,9.46647E-6,9.46647E-6,1.0,0.0,1.098083E-4,1.1525238E-4,1.1525238E-4,1.0,0.0,0.0010975406,0.0011523378,0.0011623262,1.0086681,1.0E-5
6.3,2.1045846E-6,2.2088457E-6,2.2088457E-6,1.0,0.0,9.019617E-6,9.46647E-6,9.46647E-6,1.0,0.0,1.098083E-4,1.1525238E-4,1.1525238E-4,1.0,0.0,0.0010975406,0.0011523378,0.0011623262,1.0086681,1.0E-5
6.4,1.7259927E-6,1.8114039E-6,1.8114039E-6,1.0,0.0,7.3970905E-6,7.763159E-6,7.763159E-6,1.0,0.0,9.005586E-5,9.451647E-5,9.451647E-5,1.0,0.0,9.001937E-4,9.451647E-4,9.5515524E-4,1.0105702,1.0E-5
