Magnitude,1 wk TI Prob,1 wk TD Prob,1 wk ETAS Prob,1 wk ETAS/TD Gain,1 wk ETAS Triggered Only,1 mo TI Prob,1 mo TD Prob,1 mo ETAS Prob,1 mo ETAS/TD Gain,1 mo ETAS Triggered Only,1 yr TI Prob,1 yr TD Prob,1 yr ETAS Prob,1 yr ETAS/TD Gain,1 yr ETAS Triggered Only,10 yr TI Prob,10 yr TD Prob,10 yr ETAS Prob,10 yr ETAS/TD Gain,10 yr ETAS Triggered Only
6.0,1.0522846E-5,1.1044016E-5,1.1044016E-5,1.0,0.0,4.509713E-5,4.7330934E-5,4.7330934E-5,1.0,0.0,5.4891926E-4,5.7615445E-4,5.961429E-4,1.0346929,2.0E-5,0.0054756533,0.005751776,0.005791546,1.0069144,4.0E-5
6.1,1.0522846E-5,1.1044016E-5,1.1044016E-5,1.0,0.0,4.509713E-5,4.7330934E-5,4.7330934E-5,1.0,0.0,5.4891926E-4,5.7615445E-4,5.961429E-4,1.0346929,2.0E-5,0.0054756533,0.005751776,0.005791546,1.0069144,4.0E-5
6.2,2.1045846E-6,2.2088777E-6,2.2088777E-6,1.0,0.0,9.019617E-6,9.466608E-6,9.466608E-6,1.0,0.0,1.098083E-4,1.1525406E-4,1.1525406E-4,1.0,0.0,0.0010975406,0.0011523545,0.001162343,1.0086678,1.0E-5
6.3,2.1045846E-6,2.2088777E-6,2.2088777E-6,1.0,0.0,9.019617E-6,9.466608E-6,9.466608E-6,1.0,0.0,1.098083E-4,1.1525406E-4,1.1525406E-4,1.0,0.0,0.0010975406,0.0011523545,0.001162343,1.0086678,1.0E-5
6.4,1.7259927E-6,1.8114303E-6,1.8114303E-6,1.0,0.0,7.3970905E-6,7.763272E-6,7.763272E-6,1.0,0.0,9.005586E-5,9.451784E-5,9.451784E-5,1.0,0.0,9.001937E-4,9.4517844E-4,9.4517844E-4,1.0,0.0
