Magnitude,1 wk TI Prob,1 wk TD Prob,1 wk ETAS Prob,1 wk ETAS/TD Gain,1 wk ETAS Triggered Only,1 mo TI Prob,1 mo TD Prob,1 mo ETAS Prob,1 mo ETAS/TD Gain,1 mo ETAS Triggered Only,1 yr TI Prob,1 yr TD Prob,1 yr ETAS Prob,1 yr ETAS/TD Gain,1 yr ETAS Triggered Only,10 yr TI Prob,10 yr TD Prob,10 yr ETAS Prob,10 yr ETAS/TD Gain,10 yr ETAS Triggered Only
6.0,3.5090034E-5,4.0402054E-5,4.0402054E-5,1.0,0.0,1.503772E-4,1.7314163E-4,1.7314163E-4,1.0,0.0,0.0018293047,0.002106219,0.002265882,1.0758055,1.6E-4,0.018143194,0.020888537,0.021554334,1.0318737,6.8E-4
6.1,3.5090034E-5,4.0402054E-5,4.0402054E-5,1.0,0.0,1.503772E-4,1.7314163E-4,1.7314163E-4,1.0,0.0,0.0018293047,0.002106219,0.002265882,1.0758055,1.6E-4,0.018143194,0.020888537,0.021554334,1.0318737,6.8E-4
6.2,1.841879E-5,2.1078567E-5,2.1078567E-5,1.0,0.0,7.8935285E-5,9.0334164E-5,9.0334164E-5,1.0,0.0,9.606133E-4,0.0010993658,0.0011692888,1.063603,7.0E-5,0.0095647145,0.010949376,0.011305435,1.0325186,3.6E-4
6.3,1.841879E-5,2.1078567E-5,2.1078567E-5,1.0,0.0,7.8935285E-5,9.0334164E-5,9.0334164E-5,1.0,0.0,9.606133E-4,0.0010993658,0.0011692888,1.063603,7.0E-5,0.0095647145,0.010949376,0.011305435,1.0325186,3.6E-4
6.4,1.712201E-5,1.9582569E-5,1.9582569E-5,1.0,0.0,7.337798E-5,8.3923165E-5,8.3923165E-5,1.0,0.0,8.930107E-4,0.0010213862,0.001081325,1.0586836,6.0E-5,0.008894307,0.010176855,0.010503497,1.0320965,3.3E-4
6.5,1.4744935E-5,1.6851824E-5,1.6851824E-5,1.0,0.0,6.3191044E-5,7.222063E-5,7.222063E-5,1.0,0.0,7.6907943E-4,8.7902514E-4,9.389724E-4,1.0681975,6.0E-5,0.007664232,0.008764694,0.00908189,1.0361902,3.2E-4
6.6,1.2017839E-5,1.3736204E-5,1.3736204E-5,1.0,0.0,5.150401E-5,5.886862E-5,5.886862E-5,1.0,0.0,6.268809E-4,7.165785E-4,7.565498E-4,1.0557808,4.0E-5,0.0062511545,0.007151387,0.007409528,1.0360966,2.6E-4
6.7,1.00956095E-5,1.1543731E-5,1.1543731E-5,1.0,0.0,4.326618E-5,4.947268E-5,4.947268E-5,1.0,0.0,5.266384E-4,6.0225057E-4,6.322325E-4,1.0497831,3.0E-5,0.005253921,0.0060147266,0.0062334035,1.0363569,2.2E-4
