Magnitude,1 wk TI Prob,1 wk TD Prob,1 wk ETAS Prob,1 wk ETAS/TD Gain,1 wk ETAS Triggered Only,1 mo TI Prob,1 mo TD Prob,1 mo ETAS Prob,1 mo ETAS/TD Gain,1 mo ETAS Triggered Only,1 yr TI Prob,1 yr TD Prob,1 yr ETAS Prob,1 yr ETAS/TD Gain,1 yr ETAS Triggered Only,10 yr TI Prob,10 yr TD Prob,10 yr ETAS Prob,10 yr ETAS/TD Gain,10 yr ETAS Triggered Only
6.0,1.980352E-5,2.171971E-5,2.171971E-5,1.0,0.0,8.486947E-5,9.308156E-5,1.0308063E-4,1.1074227,1.0E-5,0.0010327959,0.001132751,0.0011826943,1.0440903,5.0E-5,0.010280091,0.011276957,0.011464814,1.0166585,1.9E-4
6.1,1.980352E-5,2.171971E-5,2.171971E-5,1.0,0.0,8.486947E-5,9.308156E-5,1.0308063E-4,1.1074227,1.0E-5,0.0010327959,0.001132751,0.0011826943,1.0440903,5.0E-5,0.010280091,0.011276957,0.011464814,1.0166585,1.9E-4
6.2,1.980352E-5,2.171971E-5,2.171971E-5,1.0,0.0,8.486947E-5,9.308156E-5,1.0308063E-4,1.1074227,1.0E-5,0.0010327959,0.001132751,0.0011826943,1.0440903,5.0E-5,0.010280091,0.011276957,0.011464814,1.0166585,1.9E-4
6.3,1.5344787E-5,1.6830725E-5,1.6830725E-5,1.0,0.0,6.576172E-5,7.213003E-5,8.212931E-5,1.1386285,1.0E-5,8.003548E-4,8.7789056E-4,9.278467E-4,1.0569047,5.0E-5,0.007974784,0.0087502785,0.008918791,1.0192579,1.7E-4
6.4,1.5344787E-5,1.6830725E-5,1.6830725E-5,1.0,0.0,6.576172E-5,7.213003E-5,8.212931E-5,1.1386285,1.0E-5,8.003548E-4,8.7789056E-4,9.278467E-4,1.0569047,5.0E-5,0.007974784,0.0087502785,0.008918791,1.0192579,1.7E-4
6.5,1.4189697E-5,1.5567311E-5,1.5567311E-5,1.0,0.0,6.081157E-5,6.6715686E-5,7.671502E-5,1.1498798,1.0E-5,7.401293E-4,8.1202114E-4,8.6198054E-4,1.0615247,5.0E-5,0.0073766913,0.00809649,0.008265114,1.0208267,1.7E-4
6.6,1.3469301E-5,1.4780455E-5,1.4780455E-5,1.0,0.0,5.7724297E-5,6.334361E-5,7.334297E-5,1.1578591,1.0E-5,7.025667E-4,7.7099557E-4,8.20957E-4,1.0648012,5.0E-5,0.0070034964,0.007689119,0.007857812,1.0219392,1.7E-4
6.7,1.3027966E-5,1.4290288E-5,1.4290288E-5,1.0,0.0,5.5832945E-5,6.1242994E-5,7.124238E-5,1.163274,1.0E-5,6.7955407E-4,7.4543816E-4,7.954009E-4,1.0670246,5.0E-5,0.006774798,0.0074352613,0.007603997,1.022694,1.7E-4
6.8,5.695434E-6,6.2280096E-6,6.2280096E-6,1.0,0.0,2.4408775E-5,2.6691365E-5,2.6691365E-5,1.0,0.0,2.971363E-4,3.2494892E-4,3.3494568E-4,1.0307641,1.0E-5,0.0029673933,0.0032476822,0.0032875524,1.0122765,4.0E-5
6.9,4.385688E-6,4.7958215E-6,4.7958215E-6,1.0,0.0,1.879567E-5,2.055352E-5,2.055352E-5,1.0,0.0,2.2881327E-4,2.502391E-4,2.6023661E-4,1.0399518,1.0E-5,0.002285778,0.002502391,0.002522341,1.0079724,2.0E-5
