Magnitude,1 wk TI Prob,1 wk TD Prob,1 wk ETAS Prob,1 wk ETAS/TD Gain,1 wk ETAS Triggered Only,1 mo TI Prob,1 mo TD Prob,1 mo ETAS Prob,1 mo ETAS/TD Gain,1 mo ETAS Triggered Only,1 yr TI Prob,1 yr TD Prob,1 yr ETAS Prob,1 yr ETAS/TD Gain,1 yr ETAS Triggered Only,10 yr TI Prob,10 yr TD Prob,10 yr ETAS Prob,10 yr ETAS/TD Gain,10 yr ETAS Triggered Only
6.0,6.222801E-6,6.440773E-6,6.440773E-6,1.0,0.0,2.6668875E-5,2.7603111E-5,2.7603111E-5,1.0,0.0,3.2464517E-4,3.3603198E-4,3.3603198E-4,1.0,0.0,0.0032417132,0.0033568013,0.0033867008,1.0089071,3.0E-5
6.1,6.222801E-6,6.440773E-6,6.440773E-6,1.0,0.0,2.6668875E-5,2.7603111E-5,2.7603111E-5,1.0,0.0,3.2464517E-4,3.3603198E-4,3.3603198E-4,1.0,0.0,0.0032417132,0.0033568013,0.0033867008,1.0089071,3.0E-5
6.2,6.222801E-6,6.440773E-6,6.440773E-6,1.0,0.0,2.6668875E-5,2.7603111E-5,2.7603111E-5,1.0,0.0,3.2464517E-4,3.3603198E-4,3.3603198E-4,1.0,0.0,0.0032417132,0.0033568013,0.0033867008,1.0089071,3.0E-5
6.3,6.222801E-6,6.440773E-6,6.440773E-6,1.0,0.0,2.6668875E-5,2.7603111E-5,2.7603111E-5,1.0,0.0,3.2464517E-4,3.3603198E-4,3.3603198E-4,1.0,0.0,0.0032417132,0.0033568013,0.0033867008,1.0089071,3.0E-5
6.4,6.222801E-6,6.440773E-6,6.440773E-6,1.0,0.0,2.6668875E-5,2.7603111E-5,2.7603111E-5,1.0,0.0,3.2464517E-4,3.3603198E-4,3.3603198E-4,1.0,0.0,0.0032417132,0.0033568013,0.0033867008,1.0089071,3.0E-5
6.5,2.8528623E-6,2.9528067E-6,2.9528067E-6,1.0,0.0,1.22264955E-5,1.2654873E-5,1.2654873E-5,1.0,0.0,1.4884741E-4,1.5407089E-4,1.5407089E-4,1.0,0.0,0.0014874774,0.0015404945,0.0015504791,1.0064814,1.0E-5
6.6,2.8528623E-6,2.9528067E-6,2.9528067E-6,1.0,0.0,1.22264955E-5,1.2654873E-5,1.2654873E-5,1.0,0.0,1.4884741E-4,1.5407089E-4,1.5407089E-4,1.0,0.0,0.0014874774,0.0015404945,0.0015504791,1.0064814,1.0E-5
6.7,2.541E-6,2.6299258E-6,2.6299258E-6,1.0,0.0,1.0889954E-5,1.127111E-5,1.127111E-5,1.0,0.0,1.3257713E-4,1.3722577E-4,1.3722577E-4,1.0,0.0,0.0013249806,0.0013722577,0.0013822439,1.0072773,1.0E-5
