Magnitude,1 wk TI Prob,1 wk TD Prob,1 wk ETAS Prob,1 wk ETAS/TD Gain,1 wk ETAS Triggered Only,1 mo TI Prob,1 mo TD Prob,1 mo ETAS Prob,1 mo ETAS/TD Gain,1 mo ETAS Triggered Only,1 yr TI Prob,1 yr TD Prob,1 yr ETAS Prob,1 yr ETAS/TD Gain,1 yr ETAS Triggered Only,10 yr TI Prob,10 yr TD Prob,10 yr ETAS Prob,10 yr ETAS/TD Gain,10 yr ETAS Triggered Only
6.0,1.6760017E-5,1.8790884E-5,1.8790884E-5,1.0,0.0,7.182667E-5,8.053054E-5,8.053054E-5,1.0,0.0,8.7413884E-4,9.801359E-4,0.0010300869,1.0509633,5.0E-5,0.008707083,0.009769693,0.0099776415,1.021285,2.1E-4
6.1,9.852767E-6,1.0981345E-5,1.0981345E-5,1.0,0.0,4.222546E-5,4.706246E-5,4.706246E-5,1.0,0.0,5.139737E-4,5.729059E-4,6.2287727E-4,1.0872244,5.0E-5,0.005127866,0.0057212575,0.0058604567,1.0243301,1.4E-4
6.2,9.852767E-6,1.0981345E-5,1.0981345E-5,1.0,0.0,4.222546E-5,4.706246E-5,4.706246E-5,1.0,0.0,5.139737E-4,5.729059E-4,6.2287727E-4,1.0872244,5.0E-5,0.005127866,0.0057212575,0.0058604567,1.0243301,1.4E-4
6.3,4.3167724E-6,4.781201E-6,4.781201E-6,1.0,0.0,1.8500323E-5,2.049083E-5,2.049083E-5,1.0,0.0,2.2521814E-4,2.4947035E-4,2.6946535E-4,1.0801499,2.0E-5,0.0022499003,0.0024941643,0.0025639897,1.0279955,7.0E-5
6.4,4.3167724E-6,4.781201E-6,4.781201E-6,1.0,0.0,1.8500323E-5,2.049083E-5,2.049083E-5,1.0,0.0,2.2521814E-4,2.4947035E-4,2.6946535E-4,1.0801499,2.0E-5,0.0022499003,0.0024941643,0.0025639897,1.0279955,7.0E-5
6.5,4.3167724E-6,4.781201E-6,4.781201E-6,1.0,0.0,1.8500323E-5,2.049083E-5,2.049083E-5,1.0,0.0,2.2521814E-4,2.4947035E-4,2.6946535E-4,1.0801499,2.0E-5,0.0022499003,0.0024941643,0.0025639897,1.0279955,7.0E-5
6.6,4.301311E-6,4.764058E-6,4.764058E-6,1.0,0.0,1.8434059E-5,2.0417361E-5,2.0417361E-5,1.0,0.0,2.2441156E-4,2.4857608E-4,2.685711E-4,1.0804383,2.0E-5,0.0022418506,0.0024852415,0.0025550677,1.0280963,7.0E-5
6.7,3.8599724E-6,4.273886E-6,4.273886E-6,1.0,0.0,1.6542634E-5,1.8316654E-5,1.8316654E-5,1.0,0.0,2.0138794E-4,2.2300526E-4,2.430008E-4,1.089664,2.0E-5,0.0020120554,0.0022300526,0.0022998967,1.0313194,7.0E-5
