Magnitude,1 wk TI Prob,1 wk TD Prob,1 wk ETAS Prob,1 wk ETAS/TD Gain,1 wk ETAS Triggered Only,1 mo TI Prob,1 mo TD Prob,1 mo ETAS Prob,1 mo ETAS/TD Gain,1 mo ETAS Triggered Only,1 yr TI Prob,1 yr TD Prob,1 yr ETAS Prob,1 yr ETAS/TD Gain,1 yr ETAS Triggered Only,10 yr TI Prob,10 yr TD Prob,10 yr ETAS Prob,10 yr ETAS/TD Gain,10 yr ETAS Triggered Only
6.0,2.233523E-5,2.512502E-5,2.512502E-5,1.0,0.0,9.571891E-5,1.07675165E-4,1.07675165E-4,1.0,0.0,0.0011647546,0.0013103251,0.001320312,1.0076216,1.0E-5,0.011586686,0.013042613,0.013072222,1.0022701,3.0E-5
6.1,2.233523E-5,2.512502E-5,2.512502E-5,1.0,0.0,9.571891E-5,1.07675165E-4,1.07675165E-4,1.0,0.0,0.0011647546,0.0013103251,0.001320312,1.0076216,1.0E-5,0.011586686,0.013042613,0.013072222,1.0022701,3.0E-5
6.2,2.233523E-5,2.512502E-5,2.512502E-5,1.0,0.0,9.571891E-5,1.07675165E-4,1.07675165E-4,1.0,0.0,0.0011647546,0.0013103251,0.001320312,1.0076216,1.0E-5,0.011586686,0.013042613,0.013072222,1.0022701,3.0E-5
6.3,2.233523E-5,2.512502E-5,2.512502E-5,1.0,0.0,9.571891E-5,1.07675165E-4,1.07675165E-4,1.0,0.0,0.0011647546,0.0013103251,0.001320312,1.0076216,1.0E-5,0.011586686,0.013042613,0.013072222,1.0022701,3.0E-5
6.4,1.2288092E-5,1.37910165E-5,1.37910165E-5,1.0,0.0,5.2662188E-5,5.910355E-5,5.910355E-5,1.0,0.0,6.409735E-4,7.1944203E-4,7.294349E-4,1.0138897,1.0E-5,0.006391279,0.007180349,0.0071902773,1.0013827,1.0E-5
6.5,1.2288092E-5,1.37910165E-5,1.37910165E-5,1.0,0.0,5.2662188E-5,5.910355E-5,5.910355E-5,1.0,0.0,6.409735E-4,7.1944203E-4,7.294349E-4,1.0138897,1.0E-5,0.006391279,0.007180349,0.0071902773,1.0013827,1.0E-5
6.6,8.58281E-6,9.640751E-6,9.640751E-6,1.0,0.0,3.6782953E-5,4.1317322E-5,4.1317322E-5,1.0,0.0,4.4774043E-4,5.030056E-4,5.130006E-4,1.0198705,1.0E-5,0.0044683935,0.0050268425,0.0050367923,1.0019794,1.0E-5
6.7,7.205685E-6,8.0941645E-6,8.0941645E-6,1.0,0.0,3.088114E-5,3.4689278E-5,3.4689278E-5,1.0,0.0,3.7591302E-4,4.2234195E-4,4.3233772E-4,1.0236675,1.0E-5,0.0037527776,0.00422342,0.0042333775,1.0023577,1.0E-5
