Magnitude,1 wk TI Prob,1 wk TD Prob,1 wk ETAS Prob,1 wk ETAS/TD Gain,1 wk ETAS Triggered Only,1 mo TI Prob,1 mo TD Prob,1 mo ETAS Prob,1 mo ETAS/TD Gain,1 mo ETAS Triggered Only,1 yr TI Prob,1 yr TD Prob,1 yr ETAS Prob,1 yr ETAS/TD Gain,1 yr ETAS Triggered Only,10 yr TI Prob,10 yr TD Prob,10 yr ETAS Prob,10 yr ETAS/TD Gain,10 yr ETAS Triggered Only
6.0,1.7360222E-5,1.8509198E-5,1.8509198E-5,1.0,0.0,7.439883E-5,7.9323E-5,1.09320616E-4,1.3781705,3.0E-5,9.0542925E-4,9.6537825E-4,0.0013450114,1.3932481,3.8E-4,0.009017491,0.009616692,0.0113795735,1.1833148,0.00178
6.1,9.062689E-6,9.595678E-6,9.595678E-6,1.0,0.0,3.8839516E-5,4.1123738E-5,6.112292E-5,1.4863172,2.0E-5,4.727685E-4,5.005754E-4,7.4045523E-4,1.4792082,2.4E-4,0.0047176396,0.004995362,0.005980416,1.1971939,9.9E-4
6.2,9.062689E-6,9.595678E-6,9.595678E-6,1.0,0.0,3.8839516E-5,4.1123738E-5,6.112292E-5,1.4863172,2.0E-5,4.727685E-4,5.005754E-4,7.4045523E-4,1.4792082,2.4E-4,0.0047176396,0.004995362,0.005980416,1.1971939,9.9E-4
6.3,7.2575485E-6,7.670404E-6,7.670404E-6,1.0,0.0,3.110341E-5,3.2872784E-5,5.287213E-5,1.608386,2.0E-5,3.786182E-4,4.0015977E-4,5.7009177E-4,1.4246603,1.7E-4,0.0037797375,0.0039950977,0.0047819414,1.1969523,7.9E-4
6.4,7.2575485E-6,7.670404E-6,7.670404E-6,1.0,0.0,3.110341E-5,3.2872784E-5,5.287213E-5,1.608386,2.0E-5,3.786182E-4,4.0015977E-4,5.7009177E-4,1.4246603,1.7E-4,0.0037797375,0.0039950977,0.0047819414,1.1969523,7.9E-4
6.5,6.06582E-6,6.406096E-6,6.406096E-6,1.0,0.0,2.5996113E-5,2.7454444E-5,4.7453894E-5,1.7284595,2.0E-5,3.164567E-4,3.3421308E-4,4.741663E-4,1.4187545,1.4E-4,0.0031600643,0.0033377437,0.003945708,1.1821482,6.1E-4
6.6,5.598744E-6,5.9123067E-6,5.9123067E-6,1.0,0.0,2.3994397E-5,2.5338248E-5,4.533774E-5,1.7893006,2.0E-5,2.9209262E-4,3.0845587E-4,4.384158E-4,1.4213241,1.3E-4,0.0029170897,0.003080907,0.003649151,1.1844405,5.7E-4
6.7,5.246996E-6,5.5410796E-6,5.5410796E-6,1.0,0.0,2.2486933E-5,2.3747303E-5,4.374683E-5,1.8421808,2.0E-5,2.73744E-4,2.890914E-4,4.1905383E-4,1.4495548,1.3E-4,0.0027340704,0.0028877778,0.0034361894,1.1899079,5.5E-4
6.8,4.02324E-6,4.2483725E-6,4.2483725E-6,1.0,0.0,1.7242342E-5,1.8207216E-5,2.8207034E-5,1.5492228,1.0E-5,2.099053E-4,2.2165627E-4,3.116363E-4,1.4059441,9.0E-5,0.0020970714,0.0022149368,0.002604073,1.1756873,3.9E-4
6.9,6.835972E-7,7.1419E-7,7.1419E-7,1.0,0.0,2.9296991E-6,3.0608126E-6,3.0608126E-6,1.0,0.0,3.56685E-5,3.7265076E-5,4.72647E-5,1.2683377,1.0E-5,3.5662777E-4,3.726195E-4,4.0260833E-4,1.080481,3.0E-5
