Magnitude,1 wk TI Prob,1 wk TD Prob,1 wk ETAS Prob,1 wk ETAS/TD Gain,1 wk ETAS Triggered Only,1 mo TI Prob,1 mo TD Prob,1 mo ETAS Prob,1 mo ETAS/TD Gain,1 mo ETAS Triggered Only,1 yr TI Prob,1 yr TD Prob,1 yr ETAS Prob,1 yr ETAS/TD Gain,1 yr ETAS Triggered Only,10 yr TI Prob,10 yr TD Prob,10 yr ETAS Prob,10 yr ETAS/TD Gain,10 yr ETAS Triggered Only
6.0,2.0341662E-5,2.3852359E-5,2.3852359E-5,1.0,0.0,8.717564E-5,1.0222339E-4,1.0222339E-4,1.0,0.0,0.0010608466,0.0012443912,0.0012443912,1.0,0.0,0.010557966,0.012426406,0.012456033,1.0023842,3.0E-5
6.1,2.0341662E-5,2.3852359E-5,2.3852359E-5,1.0,0.0,8.717564E-5,1.0222339E-4,1.0222339E-4,1.0,0.0,0.0010608466,0.0012443912,0.0012443912,1.0,0.0,0.010557966,0.012426406,0.012456033,1.0023842,3.0E-5
6.2,2.0341662E-5,2.3852359E-5,2.3852359E-5,1.0,0.0,8.717564E-5,1.0222339E-4,1.0222339E-4,1.0,0.0,0.0010608466,0.0012443912,0.0012443912,1.0,0.0,0.010557966,0.012426406,0.012456033,1.0023842,3.0E-5
6.3,2.0341662E-5,2.3852359E-5,2.3852359E-5,1.0,0.0,8.717564E-5,1.0222339E-4,1.0222339E-4,1.0,0.0,0.0010608466,0.0012443912,0.0012443912,1.0,0.0,0.010557966,0.012426406,0.012456033,1.0023842,3.0E-5
6.4,1.749821E-5,2.051175E-5,2.051175E-5,1.0,0.0,7.499018E-5,8.79075E-5,8.79075E-5,1.0,0.0,9.1262296E-4,0.0010702732,0.0010702732,1.0,0.0,0.009088841,0.010702686,0.010732365,1.002773,3.0E-5
6.5,1.749821E-5,2.051175E-5,2.051175E-5,1.0,0.0,7.499018E-5,8.79075E-5,8.79075E-5,1.0,0.0,9.1262296E-4,0.0010702732,0.0010702732,1.0,0.0,0.009088841,0.010702686,0.010732365,1.002773,3.0E-5
