Magnitude,1 wk TI Prob,1 wk TD Prob,1 wk ETAS Prob,1 wk ETAS/TD Gain,1 wk ETAS Triggered Only,1 mo TI Prob,1 mo TD Prob,1 mo ETAS Prob,1 mo ETAS/TD Gain,1 mo ETAS Triggered Only,1 yr TI Prob,1 yr TD Prob,1 yr ETAS Prob,1 yr ETAS/TD Gain,1 yr ETAS Triggered Only,10 yr TI Prob,10 yr TD Prob,10 yr ETAS Prob,10 yr ETAS/TD Gain,10 yr ETAS Triggered Only
6.0,9.913453E-6,1.0194038E-5,1.0194038E-5,1.0,0.0,4.2485535E-5,4.368806E-5,6.3687185E-5,1.457771,2.0E-5,5.1713863E-4,5.317826E-4,7.316763E-4,1.3758935,2.0E-4,0.0051593683,0.0053061293,0.0061615664,1.1612167,8.6E-4
6.1,9.913453E-6,1.0194038E-5,1.0194038E-5,1.0,0.0,4.2485535E-5,4.368806E-5,6.3687185E-5,1.457771,2.0E-5,5.1713863E-4,5.317826E-4,7.316763E-4,1.3758935,2.0E-4,0.0051593683,0.0053061293,0.0061615664,1.1612167,8.6E-4
6.2,4.5596407E-6,4.697189E-6,4.697189E-6,1.0,0.0,1.954117E-5,2.0130663E-5,3.013046E-5,1.4967446,1.0E-5,2.3788778E-4,2.4506453E-4,3.650351E-4,1.489547,1.2E-4,0.0023763329,0.002448069,0.002817163,1.1507696,3.7E-4
6.3,4.5596407E-6,4.697189E-6,4.697189E-6,1.0,0.0,1.954117E-5,2.0130663E-5,3.013046E-5,1.4967446,1.0E-5,2.3788778E-4,2.4506453E-4,3.650351E-4,1.489547,1.2E-4,0.0023763329,0.002448069,0.002817163,1.1507696,3.7E-4
6.4,3.4025713E-6,3.5105863E-6,3.5105863E-6,1.0,0.0,1.4582367E-5,1.5045288E-5,2.5045138E-5,1.66465,1.0E-5,1.7752586E-4,1.8316183E-4,2.6314717E-4,1.4366922,8.0E-5,0.001773841,0.0018301916,0.0021096792,1.1527095,2.8E-4
6.5,2.8352947E-6,2.928451E-6,2.928451E-6,1.0,0.0,1.2151207E-5,1.2550448E-5,2.2550323E-5,1.7967743,1.0E-5,1.479309E-4,1.5279175E-4,2.0278411E-4,1.3271928,5.0E-5,0.0014783246,0.0015269408,0.0017565896,1.150398,2.3E-4
6.6,2.251518E-6,2.329567E-6,2.329567E-6,1.0,0.0,9.649328E-6,9.9838235E-6,1.9983723E-5,2.0016103,1.0E-5,1.1747423E-4,1.215469E-4,1.6154203E-4,1.329051,4.0E-5,0.0011741214,0.001214866,0.0013946473,1.1479845,1.8E-4
6.7,1.8911853E-6,1.9595777E-6,1.9595777E-6,1.0,0.0,8.105055E-6,8.398167E-6,1.8398083E-5,2.190726,1.0E-5,9.867457E-5,1.0224347E-4,1.322404E-4,1.2933873,3.0E-5,9.863076E-4,0.0010220219,0.0011718685,1.1466179,1.5E-4
6.8,1.4874814E-6,1.5441944E-6,1.5441944E-6,1.0,0.0,6.374905E-6,6.6179623E-6,6.6179623E-6,1.0,0.0,7.76117E-5,8.057123E-5,1.0056962E-4,1.2482076,2.0E-5,7.75846E-4,8.054713E-4,9.0539077E-4,1.124051,1.0E-4
6.9,6.835972E-7,7.1419E-7,7.1419E-7,1.0,0.0,2.9296991E-6,3.0608126E-6,3.0608126E-6,1.0,0.0,3.56685E-5,3.7265076E-5,4.72647E-5,1.2683377,1.0E-5,3.5662777E-4,3.726195E-4,4.0260833E-4,1.080481,3.0E-5
