Magnitude,1 wk TI Prob,1 wk TD Prob,1 wk ETAS Prob,1 wk ETAS/TD Gain,1 wk ETAS Triggered Only,1 mo TI Prob,1 mo TD Prob,1 mo ETAS Prob,1 mo ETAS/TD Gain,1 mo ETAS Triggered Only,1 yr TI Prob,1 yr TD Prob,1 yr ETAS Prob,1 yr ETAS/TD Gain,1 yr ETAS Triggered Only,10 yr TI Prob,10 yr TD Prob,10 yr ETAS Prob,10 yr ETAS/TD Gain,10 yr ETAS Triggered Only
6.0,9.102099E-5,8.979471E-5,9.979381E-5,1.1113552,1.0E-5,3.9003167E-4,3.8476518E-4,3.9476133E-4,1.0259799,1.0E-5,0.0047383,0.0046750745,0.004685028,1.002129,1.0E-5,0.046385348,0.046002533,0.046012074,1.0002074,1.0E-5
6.1,3.8306698E-5,4.162409E-5,5.1623676E-5,1.2402354,1.0E-5,1.6416123E-4,1.7838085E-4,1.8837908E-4,1.0560498,1.0E-5,0.0019968306,0.0021700766,0.002180055,1.0045981,1.0E-5,0.019789828,0.021697143,0.021706926,1.0004508,1.0E-5
6.2,3.8306698E-5,4.162409E-5,5.1623676E-5,1.2402354,1.0E-5,1.6416123E-4,1.7838085E-4,1.8837908E-4,1.0560498,1.0E-5,0.0019968306,0.0021700766,0.002180055,1.0045981,1.0E-5,0.019789828,0.021697143,0.021706926,1.0004508,1.0E-5
6.3,3.3197924E-5,3.6663714E-5,4.6663346E-5,1.2727393,1.0E-5,1.4226905E-4,1.5712473E-4,1.6712314E-4,1.0636337,1.0E-5,0.0017307495,0.0019118608,0.0019218416,1.0052205,1.0E-5,0.017173318,0.019146796,0.019156605,1.0005122,1.0E-5
6.4,2.5148964E-5,2.7506028E-5,2.7506028E-5,1.0,0.0,1.0777682E-4,1.1788132E-4,1.1788132E-4,1.0,0.0,0.0013113929,0.0014349109,0.0014349109,1.0,0.0,0.01303681,0.014409314,0.014409314,1.0,0.0
6.5,2.5148964E-5,2.7506028E-5,2.7506028E-5,1.0,0.0,1.0777682E-4,1.1788132E-4,1.1788132E-4,1.0,0.0,0.0013113929,0.0014349109,0.0014349109,1.0,0.0,0.01303681,0.014409314,0.014409314,1.0,0.0
