Magnitude,1 wk TI Prob,1 wk TD Prob,1 wk ETAS Prob,1 wk ETAS/TD Gain,1 wk ETAS Triggered Only,1 mo TI Prob,1 mo TD Prob,1 mo ETAS Prob,1 mo ETAS/TD Gain,1 mo ETAS Triggered Only,1 yr TI Prob,1 yr TD Prob,1 yr ETAS Prob,1 yr ETAS/TD Gain,1 yr ETAS Triggered Only,10 yr TI Prob,10 yr TD Prob,10 yr ETAS Prob,10 yr ETAS/TD Gain,10 yr ETAS Triggered Only
6.0,9.102099E-5,8.9798115E-5,8.9798115E-5,1.0,0.0,3.9003167E-4,3.8479845E-4,3.8479845E-4,1.0,0.0,0.0047383,0.004675563,0.004685516,1.0021288,1.0E-5,0.046385348,0.04599511,0.046004646,1.0002074,1.0E-5
6.1,3.8306698E-5,4.1626783E-5,4.1626783E-5,1.0,0.0,1.6416123E-4,1.7839132E-4,1.7839132E-4,1.0,0.0,0.0019968306,0.002170193,0.002170193,1.0,0.0,0.019789828,0.021694792,0.021694792,1.0,0.0
6.2,3.8306698E-5,4.1626783E-5,4.1626783E-5,1.0,0.0,1.6416123E-4,1.7839132E-4,1.7839132E-4,1.0,0.0,0.0019968306,0.002170193,0.002170193,1.0,0.0,0.019789828,0.021694792,0.021694792,1.0,0.0
6.3,3.3197924E-5,3.6664707E-5,3.6664707E-5,1.0,0.0,1.4226905E-4,1.5712804E-4,1.5712804E-4,1.0,0.0,0.0017307495,0.0019118986,0.0019118986,1.0,0.0,0.017173318,0.019147152,0.019147152,1.0,0.0
6.4,2.5148964E-5,2.7506028E-5,2.7506028E-5,1.0,0.0,1.0777682E-4,1.1788132E-4,1.1788132E-4,1.0,0.0,0.0013113929,0.0014349109,0.0014349109,1.0,0.0,0.01303681,0.014409314,0.014409314,1.0,0.0
6.5,2.5148964E-5,2.7506028E-5,2.7506028E-5,1.0,0.0,1.0777682E-4,1.1788132E-4,1.1788132E-4,1.0,0.0,0.0013113929,0.0014349109,0.0014349109,1.0,0.0,0.01303681,0.014409314,0.014409314,1.0,0.0
