Magnitude,1 wk TI Prob,1 wk TD Prob,1 wk ETAS Prob,1 wk ETAS/TD Gain,1 wk ETAS Triggered Only,1 mo TI Prob,1 mo TD Prob,1 mo ETAS Prob,1 mo ETAS/TD Gain,1 mo ETAS Triggered Only,1 yr TI Prob,1 yr TD Prob,1 yr ETAS Prob,1 yr ETAS/TD Gain,1 yr ETAS Triggered Only,10 yr TI Prob,10 yr TD Prob,10 yr ETAS Prob,10 yr ETAS/TD Gain,10 yr ETAS Triggered Only
6.0,6.1479834E-5,8.4011175E-5,0.0060435105,71.93698,0.00596,2.6345838E-4,3.5999992E-4,0.010946187,30.406084,0.01059,0.0032028882,0.0043748133,0.023869155,5.4560394,0.01958,0.031571172,0.042950552,0.070054196,1.6310428,0.02832
6.1,4.4387216E-5,6.0289323E-5,0.004180041,69.33302,0.00412,1.9021705E-4,2.5835852E-4,0.0073465267,28.435396,0.00709,0.0023134327,0.0031414428,0.016080666,5.11888,0.01298,0.022894967,0.031016069,0.049426764,1.5935857,0.019
6.2,4.4387216E-5,6.0289323E-5,0.004180041,69.33302,0.00412,1.9021705E-4,2.5835852E-4,0.0073465267,28.435396,0.00709,0.0023134327,0.0031414428,0.016080666,5.11888,0.01298,0.022894967,0.031016069,0.049426764,1.5935857,0.019
6.3,2.9523822E-5,3.9886738E-5,0.0029497708,73.953674,0.00291,1.2652454E-4,1.7093195E-4,0.0050700945,29.66148,0.0049,0.0015393476,0.0020794598,0.011130599,5.3526397,0.00907,0.015287281,0.020632783,0.033393938,1.6184893,0.01303
6.4,2.0512744E-5,2.766487E-5,0.002157606,77.99082,0.00213,8.79088E-5,1.18558564E-4,0.003708133,31.276804,0.00359,0.001069764,0.0014428088,0.008033286,5.567811,0.0066,0.010646289,0.014363847,0.02364854,1.6463932,0.00942
6.5,1.6750226E-5,2.2581302E-5,0.0018125409,80.267334,0.00179,7.178471E-5,9.6773554E-5,0.0031664765,32.720474,0.00307,8.7362836E-4,0.001177899,0.0069111376,5.867344,0.00574,0.008702018,0.011746746,0.019820774,1.6873418,0.00817
6.6,1.4745303E-5,1.9874815E-5,0.0016598422,83.514854,0.00164,6.319262E-5,8.517529E-5,0.002894936,33.98798,0.00281,7.690986E-4,0.001036842,0.0062114713,5.9907594,0.00518,0.0076644225,0.010351139,0.01773392,1.7132336,0.00746
6.7,9.951145E-7,1.1668476E-6,6.116678E-5,52.420536,6.0E-5,4.26477E-6,5.0007666E-6,8.500036E-5,16.997467,8.0E-5,5.1922336E-5,6.0882812E-5,3.008682E-4,4.941759,2.4E-4,5.1910203E-4,6.0867873E-4,9.884475E-4,1.6239231,3.8E-4
6.8,5.866312E-7,6.880142E-7,5.068798E-5,73.67287,5.0E-5,2.5141312E-6,2.9486298E-6,7.294842E-5,24.73977,7.0E-5,3.0609117E-5,3.5899106E-5,2.0589301E-4,5.735324,1.7E-4,3.06049E-4,3.58946E-4,5.7886704E-4,1.6126856,2.2E-4
