Magnitude,1 wk TI Prob,1 wk TD Prob,1 wk ETAS Prob,1 wk ETAS/TD Gain,1 wk ETAS Triggered Only,1 mo TI Prob,1 mo TD Prob,1 mo ETAS Prob,1 mo ETAS/TD Gain,1 mo ETAS Triggered Only,1 yr TI Prob,1 yr TD Prob,1 yr ETAS Prob,1 yr ETAS/TD Gain,1 yr ETAS Triggered Only,10 yr TI Prob,10 yr TD Prob,10 yr ETAS Prob,10 yr ETAS/TD Gain,10 yr ETAS Triggered Only
6.0,6.1090436E-6,6.212899E-6,6.212899E-6,1.0,0.0,2.6181353E-5,2.6626461E-5,2.6626461E-5,1.0,0.0,3.1871133E-4,3.2413346E-4,3.3413022E-4,1.0308415,1.0E-5,0.0031825465,0.0032370514,0.0032569866,1.0061585,2.0E-5
6.1,2.9741811E-6,3.0228657E-6,3.0228657E-6,1.0,0.0,1.2746428E-5,1.295508E-5,1.295508E-5,1.0,0.0,1.5517672E-4,1.5771763E-4,1.5771763E-4,1.0,0.0,0.001550684,0.00157615,0.0015861342,1.0063345,1.0E-5
6.2,2.9741811E-6,3.0228657E-6,3.0228657E-6,1.0,0.0,1.2746428E-5,1.295508E-5,1.295508E-5,1.0,0.0,1.5517672E-4,1.5771763E-4,1.5771763E-4,1.0,0.0,0.001550684,0.00157615,0.0015861342,1.0063345,1.0E-5
6.3,1.4781198E-6,1.5018982E-6,1.5018982E-6,1.0,0.0,6.3347834E-6,6.436692E-6,6.436692E-6,1.0,0.0,7.712326E-5,7.836411E-5,7.836411E-5,1.0,0.0,7.70965E-4,7.8338466E-4,7.933768E-4,1.0127552,1.0E-5
6.4,1.4781198E-6,1.5018982E-6,1.5018982E-6,1.0,0.0,6.3347834E-6,6.436692E-6,6.436692E-6,1.0,0.0,7.712326E-5,7.836411E-5,7.836411E-5,1.0,0.0,7.70965E-4,7.8338466E-4,7.933768E-4,1.0127552,1.0E-5
6.5,9.5176676E-7,9.670081E-7,9.670081E-7,1.0,0.0,4.078994E-6,4.144314E-6,4.144314E-6,1.0,0.0,4.9660623E-5,5.045596E-5,5.045596E-5,1.0,0.0,4.964952E-4,5.044555E-4,5.144504E-4,1.0198133,1.0E-5
6.6,6.21145E-7,6.311218E-7,6.311218E-7,1.0,0.0,2.662047E-6,2.7048052E-6,2.7048052E-6,1.0,0.0,3.2409942E-5,3.2930573E-5,3.2930573E-5,1.0,0.0,3.2405215E-4,3.292635E-4,3.392602E-4,1.0303608,1.0E-5
6.7,2.2377962E-7,2.2744304E-7,2.2744304E-7,1.0,0.0,9.590551E-7,9.747557E-7,9.747557E-7,1.0,0.0,1.1676434E-5,1.1867618E-5,1.1867618E-5,1.0,0.0,1.1675821E-4,1.1867298E-4,1.2867179E-4,1.0842552,1.0E-5
6.8,1.4785022E-7,1.5027902E-7,1.5027902E-7,1.0,0.0,6.3364365E-7,6.4405293E-7,6.4405293E-7,1.0,0.0,7.714584E-6,7.841344E-6,7.841344E-6,1.0,0.0,7.714316E-5,7.8413446E-5,8.8412664E-5,1.1275191,1.0E-5
