Magnitude,1 wk TI Prob,1 wk TD Prob,1 wk ETAS Prob,1 wk ETAS/TD Gain,1 wk ETAS Triggered Only,1 mo TI Prob,1 mo TD Prob,1 mo ETAS Prob,1 mo ETAS/TD Gain,1 mo ETAS Triggered Only,1 yr TI Prob,1 yr TD Prob,1 yr ETAS Prob,1 yr ETAS/TD Gain,1 yr ETAS Triggered Only,10 yr TI Prob,10 yr TD Prob,10 yr ETAS Prob,10 yr ETAS/TD Gain,10 yr ETAS Triggered Only
6.0,6.1090436E-6,6.2129025E-6,6.2129025E-6,1.0,0.0,2.6181353E-5,2.6626478E-5,2.6626478E-5,1.0,0.0,3.1871133E-4,3.2413367E-4,3.3413043E-4,1.0308415,1.0E-5,0.0031825465,0.0032370535,0.0032569887,1.0061585,2.0E-5
6.1,2.9741811E-6,3.0228675E-6,3.0228675E-6,1.0,0.0,1.2746428E-5,1.2955088E-5,1.2955088E-5,1.0,0.0,1.5517672E-4,1.5771772E-4,1.5771772E-4,1.0,0.0,0.001550684,0.0015761509,0.0015861351,1.0063345,1.0E-5
6.2,2.9741811E-6,3.0228675E-6,3.0228675E-6,1.0,0.0,1.2746428E-5,1.2955088E-5,1.2955088E-5,1.0,0.0,1.5517672E-4,1.5771772E-4,1.5771772E-4,1.0,0.0,0.001550684,0.0015761509,0.0015861351,1.0063345,1.0E-5
6.3,1.4781198E-6,1.5018991E-6,1.5018991E-6,1.0,0.0,6.3347834E-6,6.4366955E-6,6.4366955E-6,1.0,0.0,7.712326E-5,7.836415E-5,7.836415E-5,1.0,0.0,7.70965E-4,7.833851E-4,7.933773E-4,1.0127552,1.0E-5
6.4,1.4781198E-6,1.5018991E-6,1.5018991E-6,1.0,0.0,6.3347834E-6,6.4366955E-6,6.4366955E-6,1.0,0.0,7.712326E-5,7.836415E-5,7.836415E-5,1.0,0.0,7.70965E-4,7.833851E-4,7.933773E-4,1.0127552,1.0E-5
6.5,9.5176676E-7,9.670086E-7,9.670086E-7,1.0,0.0,4.078994E-6,4.144317E-6,4.144317E-6,1.0,0.0,4.9660623E-5,5.0455994E-5,5.0455994E-5,1.0,0.0,4.964952E-4,5.0445576E-4,5.144508E-4,1.0198133,1.0E-5
6.6,6.21145E-7,6.3112213E-7,6.3112213E-7,1.0,0.0,2.662047E-6,2.7048068E-6,2.7048068E-6,1.0,0.0,3.2409942E-5,3.293059E-5,3.293059E-5,1.0,0.0,3.2405215E-4,3.292637E-4,3.392604E-4,1.0303608,1.0E-5
6.7,2.2377962E-7,2.2744317E-7,2.2744317E-7,1.0,0.0,9.590551E-7,9.747563E-7,9.747563E-7,1.0,0.0,1.1676434E-5,1.1867625E-5,1.1867625E-5,1.0,0.0,1.1675821E-4,1.1867305E-4,1.2867186E-4,1.0842551,1.0E-5
6.8,1.4785022E-7,1.502791E-7,1.502791E-7,1.0,0.0,6.3364365E-7,6.4405333E-7,6.4405333E-7,1.0,0.0,7.714584E-6,7.8413495E-6,7.8413495E-6,1.0,0.0,7.714316E-5,7.841349E-5,8.841271E-5,1.1275191,1.0E-5
