Magnitude,1 wk TI Prob,1 wk TD Prob,1 wk ETAS Prob,1 wk ETAS/TD Gain,1 wk ETAS Triggered Only,1 mo TI Prob,1 mo TD Prob,1 mo ETAS Prob,1 mo ETAS/TD Gain,1 mo ETAS Triggered Only,1 yr TI Prob,1 yr TD Prob,1 yr ETAS Prob,1 yr ETAS/TD Gain,1 yr ETAS Triggered Only,10 yr TI Prob,10 yr TD Prob,10 yr ETAS Prob,10 yr ETAS/TD Gain,10 yr ETAS Triggered Only
6.0,2.196852E-5,2.3651535E-5,2.3651535E-5,1.0,0.0,9.4147406E-5,1.0136029E-4,1.0136029E-4,1.0,0.0,0.0011456419,0.0012334521,0.0012334521,1.0,0.0,0.011397537,0.012274958,0.012284836,1.0008047,1.0E-5
6.1,9.992795E-6,1.0732517E-5,1.0732517E-5,1.0,0.0,4.2825563E-5,4.5995792E-5,4.5995792E-5,1.0,0.0,5.2127644E-4,5.598733E-4,5.598733E-4,1.0,0.0,0.0052005537,0.005586445,0.005586445,1.0,0.0
6.2,9.992795E-6,1.0732517E-5,1.0732517E-5,1.0,0.0,4.2825563E-5,4.5995792E-5,4.5995792E-5,1.0,0.0,5.2127644E-4,5.598733E-4,5.598733E-4,1.0,0.0,0.0052005537,0.005586445,0.005586445,1.0,0.0
6.3,4.6127884E-6,4.952114E-6,4.952114E-6,1.0,0.0,1.9768944E-5,2.1223199E-5,2.1223199E-5,1.0,0.0,2.406603E-4,2.583663E-4,2.583663E-4,1.0,0.0,0.0024039985,0.0025810988,0.0025810988,1.0,0.0
6.4,4.6127884E-6,4.952114E-6,4.952114E-6,1.0,0.0,1.9768944E-5,2.1223199E-5,2.1223199E-5,1.0,0.0,2.406603E-4,2.583663E-4,2.583663E-4,1.0,0.0,0.0024039985,0.0025810988,0.0025810988,1.0,0.0
6.5,2.716712E-6,2.916685E-6,2.916685E-6,1.0,0.0,1.1643E-5,1.2500032E-5,1.2500032E-5,1.0,0.0,1.417443E-4,1.521797E-4,1.521797E-4,1.0,0.0,0.0014165393,0.0015209939,0.0015209939,1.0,0.0
6.6,1.3818255E-6,1.4849456E-6,1.4849456E-6,1.0,0.0,5.922096E-6,6.364044E-6,6.364044E-6,1.0,0.0,7.209913E-5,7.748072E-5,7.748072E-5,1.0,0.0,7.2075747E-4,7.7465846E-4,7.7465846E-4,1.0,0.0
