Magnitude,1 wk TI Prob,1 wk TD Prob,1 wk ETAS Prob,1 wk ETAS/TD Gain,1 wk ETAS Triggered Only,1 mo TI Prob,1 mo TD Prob,1 mo ETAS Prob,1 mo ETAS/TD Gain,1 mo ETAS Triggered Only,1 yr TI Prob,1 yr TD Prob,1 yr ETAS Prob,1 yr ETAS/TD Gain,1 yr ETAS Triggered Only,10 yr TI Prob,10 yr TD Prob,10 yr ETAS Prob,10 yr ETAS/TD Gain,10 yr ETAS Triggered Only
6.0,2.2591947E-5,2.5267269E-5,0.0017252243,68.279015,0.0017,9.6819036E-5,1.0828425E-4,0.0035779085,33.041817,0.00347,0.0011781343,0.0013176431,0.008458222,6.4192057,0.00715,0.011719079,0.0131063005,0.02369567,1.8079602,0.01073
6.1,2.2591947E-5,2.5267269E-5,0.0013952326,55.21897,0.00137,9.6819036E-5,1.0828425E-4,0.0028079918,25.931673,0.0027,0.0011781343,0.0013176431,0.007100014,5.3884196,0.00579,0.011719079,0.0131063005,0.021494897,1.640043,0.0085
6.2,1.3775145E-5,1.5369336E-5,7.2535843E-4,47.19517,7.1E-4,5.9035E-5,6.5867054E-5,0.001355782,20.583614,0.00129,7.185141E-4,8.016607E-4,0.003649376,4.55227,0.00285,0.0071619535,0.007990122,0.012216084,1.5288984,0.00426
6.3,9.705435E-6,1.0800304E-5,5.407946E-4,50.072163,5.3E-4,4.1594063E-5,4.6286266E-5,9.862428E-4,21.30746,9.4E-4,5.0629E-4,5.63402E-4,0.0026122471,4.6365595,0.00205,0.005051381,0.005620974,0.008594167,1.5289463,0.00299
6.4,7.2549733E-6,8.050479E-6,3.780475E-4,46.95963,3.7E-4,3.109237E-5,3.450164E-5,7.144782E-4,20.708527,6.8E-4,3.7848388E-4,4.199845E-4,0.0020293084,4.8318644,0.00161,0.003778399,0.0041926987,0.0064930134,1.5486478,0.00231
6.5,5.983293E-6,6.6319676E-6,2.566303E-4,38.695953,2.5E-4,2.5642432E-5,2.8422446E-5,4.8840937E-4,17.183931,4.6E-4,3.1215188E-4,3.459951E-4,0.0015355834,4.438165,0.00119,0.0031171376,0.003455229,0.005209148,1.5076128,0.00176
6.6,4.0336154E-6,4.4706367E-6,1.3447006E-4,30.078505,1.3E-4,1.728681E-5,1.9159752E-5,2.2915573E-4,11.960265,2.1E-4,2.1044657E-4,2.3324907E-4,8.3310914E-4,3.5717576,6.0E-4,0.002102474,0.0023304394,0.0032882022,1.4109795,9.6E-4
6.7,1.5832104E-6,1.787728E-6,4.1787658E-5,23.37473,4.0E-5,6.7851697E-6,7.661671E-6,9.766098E-5,12.7466955,9.0E-5,8.260631E-5,9.327712E-5,3.9324912E-4,4.215923,3.0E-4,8.2575605E-4,9.324065E-4,0.0014219496,1.5250318,4.9E-4
6.8,7.5177275E-7,8.623619E-7,4.0862327E-5,47.384197,4.0E-5,3.221879E-6,3.6958324E-6,7.369558E-5,19.940182,7.0E-5,3.9225673E-5,4.4996003E-5,2.3498746E-4,5.2224073,1.9E-4,3.921875E-4,4.4988556E-4,6.997731E-4,1.5554469,2.5E-4
