Magnitude,1 wk TI Prob,1 wk TD Prob,1 wk ETAS Prob,1 wk ETAS/TD Gain,1 wk ETAS Triggered Only,1 mo TI Prob,1 mo TD Prob,1 mo ETAS Prob,1 mo ETAS/TD Gain,1 mo ETAS Triggered Only,1 yr TI Prob,1 yr TD Prob,1 yr ETAS Prob,1 yr ETAS/TD Gain,1 yr ETAS Triggered Only,10 yr TI Prob,10 yr TD Prob,10 yr ETAS Prob,10 yr ETAS/TD Gain,10 yr ETAS Triggered Only
6.0,2.5031832E-5,2.7115582E-5,2.7115582E-5,1.0,0.0,1.0727487E-4,1.1620502E-4,1.1620502E-4,1.0,0.0,0.001305289,0.0014139757,0.0014239616,1.0070623,1.0E-5,0.012976485,0.014059619,0.014069478,1.0007013,1.0E-5
6.1,1.2540113E-5,1.3541128E-5,1.3541128E-5,1.0,0.0,5.3742235E-5,5.8032245E-5,5.8032245E-5,1.0,0.0,6.541153E-4,7.063361E-4,7.063361E-4,1.0,0.0,0.0065219323,0.0070431544,0.0070431544,1.0,0.0
6.2,6.603218E-6,7.121705E-6,7.121705E-6,1.0,0.0,2.8299199E-5,3.0521274E-5,3.0521274E-5,1.0,0.0,3.4448825E-4,3.7153965E-4,3.7153965E-4,1.0,0.0,0.0034395473,0.0037098282,0.0037098282,1.0,0.0
6.3,6.603218E-6,7.121705E-6,7.121705E-6,1.0,0.0,2.8299199E-5,3.0521274E-5,3.0521274E-5,1.0,0.0,3.4448825E-4,3.7153965E-4,3.7153965E-4,1.0,0.0,0.0034395473,0.0037098282,0.0037098282,1.0,0.0
6.4,3.9389015E-6,4.2478227E-6,4.2478227E-6,1.0,0.0,1.6880897E-5,1.8204846E-5,1.8204846E-5,1.0,0.0,2.0550552E-4,2.2162456E-4,2.2162456E-4,1.0,0.0,0.0020531558,0.0022143417,0.0022143417,1.0,0.0
6.5,2.4533072E-6,2.646684E-6,2.646684E-6,1.0,0.0,1.0514132E-5,1.1342892E-5,1.1342892E-5,1.0,0.0,1.2800204E-4,1.3809292E-4,1.3809292E-4,1.0,0.0,0.0012792832,0.001380262,0.001380262,1.0,0.0
6.6,1.3482367E-6,1.4560143E-6,1.4560143E-6,1.0,0.0,5.778144E-6,6.2400527E-6,6.2400527E-6,1.0,0.0,7.0346636E-5,7.5971126E-5,7.5971126E-5,1.0,0.0,7.032437E-4,7.595631E-4,7.595631E-4,1.0,0.0
