Magnitude,1 wk TI Prob,1 wk TD Prob,1 wk ETAS Prob,1 wk ETAS/TD Gain,1 wk ETAS Triggered Only,1 mo TI Prob,1 mo TD Prob,1 mo ETAS Prob,1 mo ETAS/TD Gain,1 mo ETAS Triggered Only,1 yr TI Prob,1 yr TD Prob,1 yr ETAS Prob,1 yr ETAS/TD Gain,1 yr ETAS Triggered Only,10 yr TI Prob,10 yr TD Prob,10 yr ETAS Prob,10 yr ETAS/TD Gain,10 yr ETAS Triggered Only
6.0,8.7550525E-6,9.507791E-6,9.507791E-6,1.0,0.0,3.7521113E-5,4.0747505E-5,4.0747505E-5,1.0,0.0,4.567238E-4,4.960708E-4,4.960708E-4,1.0,0.0,0.0045578624,0.004957759,0.004967709,1.002007,1.0E-5
6.1,8.7550525E-6,9.507791E-6,9.507791E-6,1.0,0.0,3.7521113E-5,4.0747505E-5,4.0747505E-5,1.0,0.0,4.567238E-4,4.960708E-4,4.960708E-4,1.0,0.0,0.0045578624,0.004957759,0.004967709,1.002007,1.0E-5
6.2,7.442295E-6,8.081014E-6,8.081014E-6,1.0,0.0,3.189516E-5,3.4632914E-5,3.4632914E-5,1.0,0.0,3.8825438E-4,4.2165574E-4,4.2165574E-4,1.0,0.0,0.0038757676,0.0042165574,0.0042265155,1.0023617,1.0E-5
