Magnitude,1 wk TI Prob,1 wk TD Prob,1 wk ETAS Prob,1 wk ETAS/TD Gain,1 wk ETAS Triggered Only,1 mo TI Prob,1 mo TD Prob,1 mo ETAS Prob,1 mo ETAS/TD Gain,1 mo ETAS Triggered Only,1 yr TI Prob,1 yr TD Prob,1 yr ETAS Prob,1 yr ETAS/TD Gain,1 yr ETAS Triggered Only,10 yr TI Prob,10 yr TD Prob,10 yr ETAS Prob,10 yr ETAS/TD Gain,10 yr ETAS Triggered Only
6.0,4.3279074E-6,4.4892968E-6,8.448894E-5,18.820082,8.0E-5,1.8548042E-5,1.9239844E-5,1.7923677E-4,9.315916,1.6E-4,2.2579901E-4,2.342451E-4,5.441725E-4,2.32309,3.1E-4,0.002255697,0.002342451,0.0028313033,1.2086926,4.9E-4
6.1,4.3279074E-6,4.4892968E-6,8.448894E-5,18.820082,8.0E-5,1.8548042E-5,1.9239844E-5,1.7923677E-4,9.315916,1.6E-4,2.2579901E-4,2.342451E-4,5.141795E-4,2.1950493,2.8E-4,0.002255697,0.002342451,0.0027714437,1.1831384,4.3E-4
