Magnitude,1 wk TI Prob,1 wk TD Prob,1 wk ETAS Prob,1 wk ETAS/TD Gain,1 wk ETAS Triggered Only,1 mo TI Prob,1 mo TD Prob,1 mo ETAS Prob,1 mo ETAS/TD Gain,1 mo ETAS Triggered Only,1 yr TI Prob,1 yr TD Prob,1 yr ETAS Prob,1 yr ETAS/TD Gain,1 yr ETAS Triggered Only,10 yr TI Prob,10 yr TD Prob,10 yr ETAS Prob,10 yr ETAS/TD Gain,10 yr ETAS Triggered Only
6.0,8.791276E-6,9.277501E-6,3.092747E-4,33.335995,3.0E-4,3.767635E-5,3.9760176E-5,5.997379E-4,15.083885,5.6E-4,4.58613E-4,4.839835E-4,0.001883306,3.8912606,0.0014,0.004576677,0.004830371,0.0068605174,1.4202878,0.00204
6.1,8.791276E-6,9.277501E-6,2.692751E-4,29.024529,2.6E-4,3.767635E-5,3.9760176E-5,5.497399E-4,13.826395,5.1E-4,4.58613E-4,4.839835E-4,0.0016534172,3.4162679,0.00117,0.004576677,0.004830371,0.006542063,1.3543603,0.00172
6.2,5.654515E-6,6.0085895E-6,2.1600733E-4,35.949757,2.1E-4,2.4233412E-5,2.5750873E-5,4.2574058E-4,16.533054,4.0E-4,2.9500184E-4,3.134768E-4,0.0010932323,3.4874425,7.8E-4,0.0029461053,0.0031308427,0.0043071485,1.3757154,0.00118
6.3,4.591685E-6,4.9034084E-6,1.8490253E-4,37.70898,1.8E-4,1.96785E-5,2.1014463E-5,3.6100732E-4,17.178993,3.4E-4,2.395594E-4,2.5582543E-4,9.5564633E-4,3.7355409,7.0E-4,0.002393013,0.0025557412,0.0035930832,1.405887,0.00104
6.4,4.243283E-6,4.530666E-6,1.3453007E-4,29.693224,1.3E-4,1.8185372E-5,1.9417019E-5,3.0941138E-4,15.935061,2.9E-4,2.2138441E-4,2.363808E-4,8.6623186E-4,3.664561,6.3E-4,0.00221164,0.002361711,0.0033094673,1.4013008,9.5E-4
6.5,3.4445666E-6,3.6930317E-6,1.0369266E-4,28.077923,1.0E-4,1.4762345E-5,1.5827205E-5,2.1582404E-4,13.63627,2.0E-4,1.7971672E-4,1.9268323E-4,6.7259074E-4,3.4906554,4.8E-4,0.0017957145,0.0019255582,0.0026641332,1.3835641,7.4E-4
6.6,2.68766E-6,2.884947E-6,6.288478E-5,21.79755,6.0E-5,1.1518492E-5,1.2364021E-5,1.3236253E-4,10.705461,1.2E-4,1.4022861E-4,1.5052539E-4,4.8047572E-4,3.191991,3.3E-4,0.0014014016,0.0015046098,0.0020238275,1.3450845,5.2E-4
6.7,5.880964E-7,6.2087383E-7,6.2087383E-7,1.0,0.0,2.5204106E-6,2.6608857E-6,3.2660806E-5,12.274412,3.0E-5,3.0685565E-5,3.2395896E-5,1.123933E-4,3.4693687,8.0E-5,3.068133E-4,3.2392112E-4,4.5387904E-4,1.4012022,1.3E-4
6.8,1.6514163E-7,1.7434348E-7,1.7434348E-7,1.0,0.0,7.077497E-7,7.471864E-7,1.0747179E-5,14.383532,1.0E-5,8.616818E-6,9.096994E-6,3.909672E-5,4.297763,3.0E-5,8.616484E-5,9.096994E-5,1.309663E-4,1.4396657,4.0E-5
