Magnitude,1 wk TI Prob,1 wk TD Prob,1 wk ETAS Prob,1 wk ETAS/TD Gain,1 wk ETAS Triggered Only,1 mo TI Prob,1 mo TD Prob,1 mo ETAS Prob,1 mo ETAS/TD Gain,1 mo ETAS Triggered Only,1 yr TI Prob,1 yr TD Prob,1 yr ETAS Prob,1 yr ETAS/TD Gain,1 yr ETAS Triggered Only,10 yr TI Prob,10 yr TD Prob,10 yr ETAS Prob,10 yr ETAS/TD Gain,10 yr ETAS Triggered Only
6.0,9.102099E-5,9.013696E-5,0.0029698773,32.948498,0.00288,3.9003167E-4,3.8624083E-4,0.0044946535,11.636919,0.00411,0.0047383,0.004692865,0.010804051,2.3022292,0.00614,0.046385348,0.046167094,0.053645145,1.1619779,0.00784
6.1,3.8306698E-5,4.1808584E-5,0.0013917522,33.28867,0.00135,1.6416123E-4,1.7916592E-4,0.0020888238,11.6586,0.00191,0.0019968306,0.002179633,0.004923639,2.2589302,0.00275,0.019789828,0.02178726,0.025171876,1.1553484,0.00346
6.2,3.8306698E-5,4.1808584E-5,0.0013917522,33.28867,0.00135,1.6416123E-4,1.7916592E-4,0.0020888238,11.6586,0.00191,0.0019968306,0.002179633,0.004923639,2.2589302,0.00275,0.019789828,0.02178726,0.025171876,1.1553484,0.00346
6.3,3.3197924E-5,3.6807094E-5,0.0012567622,34.144566,0.00122,1.4226905E-4,1.5773624E-4,0.0018674665,11.839171,0.00171,0.0017307495,0.0019193039,0.004364602,2.2740545,0.00245,0.017173318,0.019219972,0.02226039,1.1581906,0.0031
6.4,2.5148964E-5,2.7571052E-5,9.975443E-4,36.18086,9.7E-4,1.0777682E-4,1.1815999E-4,0.0014879981,12.59308,0.00137,0.0013113929,0.0014383025,0.0034454116,2.3954709,0.00201,0.01303681,0.014442572,0.016867043,1.1678698,0.00246
6.5,2.5148964E-5,2.7571052E-5,9.975443E-4,36.18086,9.7E-4,1.0777682E-4,1.1815999E-4,0.0014879981,12.59308,0.00137,0.0013113929,0.0014383025,0.0034454116,2.3954709,0.00201,0.01303681,0.014442572,0.016867043,1.1678698,0.00246
